,,,,,,,,,,,,,,,,,,,,,,,,,,,,,1,2,3,4,5,6,7,8,9,10,11,12,13,14,15,16,17,18,19,20,21,22,23,24,25,26,27,28,29,30,31,32,33,34,35,36,37,38,39,40,41,42,43,44,45,46,47,48,49,50,51,52,53,54,55,56,57,58,59,60,61,62
,1,2,3,4,5,6,7,8,9,10,11,12,13,14,15,16,17,18,19,20,21,22,23,24,25,26,27,28,29,30,31,32,33,34,35,36,37,38,39,40,41,42,43,44,45,46,47,48,49,50,51,52,53,54,55,56,57,58,59,60,61,62,63,64,65,66,67,68,69,70,71,72,73,74,75,76,77,78,79,80,81,82,83,84,85,86,87,88,89,90
,“May-2020”,“June-2020”,,,,,“July-2020”,,,,“Aug-2020”,,,,,“Sep-2020”,,,,“Oct-2020”,,,,“Nov-2020”,,,,,“Dec2020”,,,,“Jan-2021”,,,,“Feb-2021”,,,,“Mar-2021”,,,,,“Apr-2021”,,,,“May-2021”,,,,,“Jun-2021”,,,,“Jul-2021”,,,,“Aug-2021”,,,,,“Sep-2021”,,,,“Oct-2021”,,,,“Nov-2021”,,,,,“Dec-2021”,,,,“Jan-2022”,,,,,“Feb-2022”
,2020-22,2020-23,2020-24,2020-25,2020-26,2020-27,2020-28,2020-29,2020-30,2020-31,2020-32,2020-33,2020-34,2020-35,2020-36,2020-37,2020-38,2020-39,2020-40,2020-41,2020-42,2020-43,2020-44,2020-45,2020-46,2020-47,2020-48,2020-49,2020-50,2020-51,2020-52,2020-53,2021-01,2021-02,2021-03,2021-04,2021-05,2021-06,2021-07,2021-08,2021-09,2021-10,2021-11,2021-12,2021-13,2021-14,2021-15,2021-16,2021-17,2021-18,2021-19,2021-20,2021-21,2021-22,2021-23,2021-24,2021-25,2021-26,2021-27,2021-28,2021-29,2021-30,2021-31,2021-32,2021-33,2021-34,2021-35,2021-36,2021-37,2021-38,2021-39,2021-40,2021-41,2021-42,2021-43,2021-44,2021-45,2021-46,2021-47,2021-48,2021-49,2021-50,2021-51,2021-52,2022-01,2022-02,2022-03,2022-04,2022-05,2022-06
Allanfearn,NA,0,0,0,NA,0,NA,NA,NA,NA,0.17,0.14,0.245,0.135,1.225,0.9825,0.465,1.4075,0.715,2.82,2.4475,8.0125,19.6025,4.86,1.7,3.94,5.92666666666667,1.5925,1.135,2.54,NA,NA,31.6033333333333,46.2775,26.1825,19.105,20.0766666666667,26.215,20.6175,16.9,4.43,20.29,6.8125,12.4875,0.666666666666667,3.99333333333333,1.01,2.86,1.345,7.805,4.3175,0.28,0.34,0.325,0.96,3.055,9.6725,33.55,70.8525,37.9966666666667,28.96,66.65,17.3275,19.1933333333333,30.3625,98.4875,174.863333333333,212.1675,102.033333333333,77.1925,40.09,29.26,50.5225,33.4575,82.0125,33.4666666666667,37.3866666666667,47.605,65.03,86.435,43.975,38.6,79.25,NA,59.875,57.045,23.78,52.57,22.485,68.52
Allers,NA,NA,NA,NA,NA,NA,NA,NA,NA,NA,NA,NA,NA,NA,NA,NA,NA,NA,NA,NA,NA,NA,NA,NA,NA,NA,NA,NA,NA,NA,NA,NA,53.99,81.28,55.64,25.59,17.52,6,29.76,27.01,5.14,2.57,1.65,1.7,5.44,1.75,6.59,NA,5.18,3.81,7.44,1.13,2.1,5.71,4.03,6.43,40.72,135.11,120.57,75.24,47.41,101.46,NA,NA,NA,NA,416.31,481.84,138.57,63.64,77.11,NA,NA,58.38,38.3,56.5,171.41,138.28,186.05,NA,154.11,164.19,NA,436.54,NA,NA,NA,NA,NA,113.62
Allers - St Leonards,NA,NA,NA,NA,NA,NA,NA,NA,NA,NA,NA,NA,NA,NA,NA,NA,NA,NA,NA,NA,NA,NA,NA,NA,NA,NA,NA,NA,NA,NA,NA,NA,NA,NA,NA,NA,NA,NA,NA,NA,NA,NA,NA,NA,NA,9.946,0.26,NA,15.11,NA,NA,NA,NA,NA,NA,NA,NA,NA,NA,NA,NA,NA,NA,NA,NA,NA,NA,NA,NA,NA,NA,NA,NA,NA,NA,NA,NA,NA,NA,NA,NA,NA,NA,NA,NA,NA,NA,NA,NA,NA
Alloa,NA,NA,NA,NA,NA,NA,NA,NA,NA,NA,NA,NA,NA,NA,NA,NA,NA,NA,NA,NA,NA,NA,NA,NA,NA,NA,NA,NA,NA,117.32,3.26,NA,62.8433333333333,171.98,45.14,31.185,43.725,48.47,37.4133333333333,40.0933333333333,10.8833333333333,19.1566666666667,19.2933333333333,17.3766666666667,18.51,19.75,10.6566666666667,NA,5.23333333333333,14.15,19.645,8.92,14.5,23.235,28.15,18.52,36.27,38.745,52.04,105.99,38.645,NA,41.71,56.815,110.71,203.415,228.27,286.6,109.175,57.51,184.76,98.29,76.67,54.165,196.05,60.915,81.79,60.58,64.12,111.33,76.87,48.04,NA,NA,155.885,63.155,33.8,20.77,59.505,409.09
Alness,NA,NA,NA,NA,NA,NA,NA,NA,NA,NA,NA,NA,NA,NA,NA,NA,NA,NA,NA,NA,NA,NA,NA,NA,NA,NA,NA,NA,NA,NA,NA,NA,NA,NA,NA,NA,NA,NA,NA,NA,NA,NA,NA,NA,NA,NA,NA,NA,NA,NA,NA,NA,NA,NA,NA,NA,NA,NA,NA,NA,NA,NA,NA,NA,NA,NA,NA,NA,NA,NA,NA,NA,NA,NA,NA,NA,NA,757.205,133.82,NA,58.48,10.75,NA,NA,NA,NA,56.42,NA,NA,NA
Alva,NA,NA,NA,NA,NA,NA,NA,NA,NA,NA,NA,NA,NA,NA,NA,NA,NA,NA,NA,NA,NA,NA,NA,NA,NA,NA,NA,NA,NA,NA,NA,NA,NA,NA,NA,NA,NA,NA,112.155,90.305,12.965,25.35,7.87,6.8,5.91,4.375,2.22,NA,2.07,1.075,2.575,4.16,5.355,95,54.83,42.62,40.565,68.585,74.155,42.93,85.84,37.87,NA,NA,NA,NA,217.995,472.285,192.445,72.56,187.96,324.08,NA,239.485,365.12,123.915,122.585,299.485,269.56,NA,61.26,140.105,NA,NA,197.13,NA,160.995,NA,635.26,236.26
Annan,0,NA,NA,NA,NA,NA,NA,NA,NA,NA,NA,NA,0,0,0,0,0,0.29,0,0,1.34,1.22,1.42,4.48,2.46,11.36,0.52,0,0,NA,NA,NA,584.5,163.42,19.43,51.55,15,17.31,0.76,5.31,0,12.36,5.47,0.33,NA,0,0.71,NA,0.62,1.8,0.27,1.32,0,3.93,NA,13.55,5.08,18.78,411.08,NA,31.83,NA,14,41.8,34.36,203.31,68.17,309.86,157.78,24.18,38.35,84.81,42.52,6.04,22.03,35.74,48.97,130.19,153.69,78.96,38.45,24.99,17.43,NA,35.41,53.35,92.51,NA,26.06,40.36
Ardoch,NA,NA,NA,NA,NA,NA,NA,NA,NA,NA,NA,NA,NA,NA,NA,NA,NA,NA,NA,NA,NA,NA,NA,NA,NA,NA,NA,NA,NA,NA,NA,NA,NA,NA,NA,NA,NA,NA,14.33,5.91,4.095,23.81,8.78,10.525,3.47,3.055,1.49,NA,0.605,0.695,0.21,0.165,1.18,1.01,4.025,2.95,6.115,11.375,43.67,17.81,13.68,30.45,NA,NA,NA,NA,8.2,NA,NA,5.31,NA,63.13,NA,49.815,33.375,77.44,37.245,56.56,42.12,49.61,35.31,11.74,NA,24.17,77.065,61.86,50.98,32.8,51.325,74.65
Armadale,NA,NA,NA,NA,NA,NA,NA,NA,NA,NA,NA,NA,NA,NA,NA,NA,NA,NA,NA,NA,NA,NA,NA,NA,NA,NA,NA,NA,NA,3.56,27.13,NA,6.35,13.43,15.67,51.71,16.63,34.9,56.55,13.745,2.34,23.84,9.625,6.885,1.51,5.175,0.765,NA,2.375,7.84,6.545,0.61,24.055,9.165,4.815,30.815,45.22,130.59,149.79,NA,93.91,212.135,NA,NA,NA,NA,299.46,459.92,251.54,NA,173.53,49.66,NA,62.24,148.39,71,77.895,92.26,104.355,52.42,126.51,NA,NA,NA,969.04,NA,NA,35.25,210.535,162.65
Aviemore,NA,NA,NA,NA,NA,NA,NA,NA,NA,NA,NA,NA,NA,NA,NA,NA,NA,NA,NA,NA,NA,NA,NA,NA,NA,NA,NA,NA,NA,NA,NA,NA,NA,NA,NA,NA,NA,NA,NA,NA,NA,NA,NA,NA,NA,NA,NA,NA,NA,NA,NA,NA,NA,NA,0.49,4.875,11.14,NA,283.285,391.88,119.68,107.805,95.715,NA,32.49,57.24,133.925,85.87,NA,NA,NA,31.13,223.515,81.46,158.76,NA,2083.64,135.5,103.35,257.75,115.03,225.03,NA,NA,NA,NA,6.64,17.02,25.32,91.31
Banchory,NA,NA,NA,NA,NA,NA,NA,NA,NA,NA,NA,NA,NA,NA,NA,NA,NA,NA,NA,NA,NA,NA,NA,NA,NA,NA,NA,NA,NA,NA,NA,NA,NA,NA,NA,NA,NA,NA,NA,NA,NA,NA,NA,NA,NA,NA,0.205,NA,0.76,1.155,0,0.24,0,0.29,0.785,3.895,0.53,5.53,13.9,12.49,30.13,6.84,5.735,19.855,8.9,153.72,63.875,317.785,49.25,NA,120.54,81.79,NA,63.005,NA,36.46,224.86,53.07,56.51,83.46,22.865,76.4,NA,NA,66.42,NA,38.08,NA,120.19,NA
Banff,NA,NA,NA,NA,NA,NA,NA,NA,NA,NA,NA,NA,NA,NA,NA,NA,NA,NA,NA,NA,NA,NA,NA,NA,NA,NA,NA,NA,NA,NA,NA,NA,NA,NA,NA,NA,NA,NA,NA,NA,NA,NA,NA,NA,NA,NA,0.18,0,0.22,0.36,0.1,0.19,0.126666666666667,0.86,0.83,0.07,0.703333333333333,17.205,20.8,18.96,22.59,24.095,5.41,NA,NA,73.36,297.56,189.34,57.44,148.53,NA,145.94,82.65,49.305,106.206666666667,NA,21.1033333333333,40.185,40.26,28.785,8.26,63.325,139.27,NA,35.94,NA,37.4066666666667,NA,48.16,20.91
Bathgate,NA,NA,NA,NA,NA,NA,NA,NA,NA,NA,NA,NA,NA,NA,NA,NA,NA,NA,NA,NA,NA,NA,NA,NA,NA,NA,NA,NA,NA,39.29,NA,NA,7.96,19.88,0,46.81,73.38,100.085,47.435,37.48,23.305,8.92,11.015,5.73,26.17,NA,1.415,NA,2.325,2.78,11.33,4.29,4.52,10.395,3.01,0.35,64.745,260.42,107.755,55.01,175.925,29.965,NA,NA,94.73,NA,105.42,103.31,134.84,NA,94.88,118.35,NA,76.315,55.94,52.54,118.61,96.46,117.57,NA,27.86,66.405,186.27,NA,50.52,21.53,56.87,30.91,75.13,83.12
Biggar,NA,NA,NA,NA,NA,NA,NA,NA,NA,NA,NA,NA,NA,NA,NA,NA,NA,NA,NA,NA,NA,NA,NA,NA,NA,NA,NA,NA,NA,NA,NA,NA,21.42,0,0,30.77,18.4,2.44,0.9,0.99,1.97,68.96,0.47,0.94,NA,NA,NA,NA,0,NA,NA,NA,NA,NA,NA,NA,NA,NA,NA,NA,NA,NA,NA,NA,NA,NA,NA,NA,NA,NA,NA,NA,NA,NA,NA,NA,NA,NA,NA,NA,NA,NA,NA,NA,NA,NA,NA,NA,NA,NA
Blackburn,NA,NA,NA,NA,NA,NA,NA,NA,NA,NA,NA,NA,NA,NA,NA,NA,NA,NA,NA,NA,NA,NA,NA,NA,NA,NA,NA,NA,NA,3.68,NA,NA,49.4066666666667,20.85,18.41,2.06,9.67,19.79,34.08,27.72,6.525,4.21,6.14,10.27,7.3,6.52,2.86,10.53,7.285,2.47,0.895,5.59,6.14,12.885,16.465,12.625,19.995,56.305,71.185,66.1,47.29,53.71,NA,16.48,NA,NA,327.325,95.4066666666667,NA,28.81,3.22,21.53,46.145,17.585,566.64,32.13,38.435,40.925,18.4,52.53,70.13,39.47,82.79,NA,49.17,NA,47.22,59.6,37.86,32.18
Blackridge,NA,NA,NA,NA,NA,NA,NA,NA,NA,NA,NA,NA,NA,NA,NA,NA,NA,NA,NA,NA,NA,NA,NA,NA,NA,NA,NA,NA,NA,2.12,0.85,NA,4.32,3.44,9.75,36.14,109.48,139.605,193.73,181.185,14.6,0.605,2.715,5.785,18.085,87.645,270.72,NA,5.94,11.45,23.725,17.58,28.11,11.06,10.74,15.065,21.99,41.42,772.565,3070.11,60.58,168.385,NA,NA,NA,NA,88.36,244.37,689.42,NA,NA,NA,NA,43.94,59.28,19.87,1.5,61.985,62.18,60.5,117.85,110.1,NA,NA,15.41,32.2,8.03,18.18,111.66,114.29
Blackwood,NA,NA,NA,NA,NA,NA,NA,NA,NA,NA,NA,NA,NA,NA,NA,NA,NA,NA,NA,NA,NA,NA,NA,NA,NA,NA,NA,NA,NA,NA,NA,NA,88.03,376.18,NA,24.05,73.31,6.21,83.12,158.6,1.94,0.84,1.43,5.89,4.31,0,NA,NA,0.37,NA,0,NA,12.41,23.03,36.55,23.9,11.51,10.43,479.79,758.99,373.24,155.67,NA,NA,141.66,NA,323.59,NA,68.8,NA,NA,26.26,NA,38.48,NA,15.3,53.61,38.84,NA,NA,16.75,172.64,NA,NA,44.99,NA,NA,NA,NA,218.96
Blairgowrie,NA,NA,NA,NA,NA,NA,NA,NA,NA,NA,NA,NA,NA,NA,NA,NA,NA,NA,NA,NA,NA,NA,NA,NA,NA,NA,NA,NA,NA,NA,NA,NA,NA,NA,NA,NA,NA,NA,1.24,3.37,0.74,NA,59.43,40.38,15.16,3.2,NA,NA,0.49,0,1.34,0.61,NA,2.59,0.75,3.75,7.77,11.16,40.66,141.72,15.99,52.46,36.33,15.69,19.93,21.03,65.08,NA,65.26,136.74,NA,5.87,NA,723.84,301.65,147.64,62.87,NA,292.02,NA,18.73,29.65,NA,NA,63.12,NA,115.16,NA,NA,NA
Boness,NA,NA,NA,NA,NA,NA,NA,NA,NA,NA,NA,NA,NA,NA,NA,NA,NA,NA,NA,NA,NA,NA,NA,NA,NA,NA,NA,NA,NA,NA,NA,NA,NA,NA,NA,NA,NA,NA,19.77,50.27,1.4,2.06,12.595,5.725,2.71,6.315,2.85,NA,0.435,0.225,1.455,1.195,1.195,3.535,2.625,0.095,23.685,60.99,61.44,200.15,38.525,38.58,51.93,NA,NA,NA,176.92,339.33,32.93,17.24,36.86,13.31,NA,22.025,172.95,28.145,23.91,42.655,43.91,NA,107.81,115.87,NA,NA,163.58,58.53,38.4,NA,34.81,54.89
Bonnybridge,NA,NA,NA,NA,NA,NA,NA,NA,NA,NA,NA,NA,NA,NA,NA,NA,NA,NA,NA,NA,NA,NA,NA,NA,NA,NA,NA,NA,NA,NA,NA,NA,NA,NA,NA,NA,NA,NA,80.505,51.815,48.555,7.695,15.34,21.82,33.335,6.275,2.025,NA,0.85,2.095,9.15,2.625,17.71,16.935,6.745,4.66,13.79,95.37,117.915,34.33,66.84,42.4,58.72,NA,NA,109.325,96.96,254.305,168.77,NA,192.75,131.36,NA,91.91,84.31,40.02,55.965,52.2,284.425,247.83,92.65,116.78,NA,NA,NA,88.75,66.15,37.87,122.18,NA
Bothwellbank,NA,NA,NA,NA,NA,NA,NA,NA,NA,NA,NA,NA,NA,NA,NA,NA,NA,NA,NA,NA,NA,NA,NA,NA,NA,NA,NA,NA,NA,NA,NA,NA,38.31,70.99,44.71,35.67,1.86,13.97,30.42,19.28,11.67,5.34,9.47,3.77,3.98,3.77,3.53,NA,0.97,4.94,NA,1.59,3.78,4.12,3.96,8.95,5.67,12.07,69.99,267.17,28.11,81.65,NA,NA,NA,NA,451.2,442.94,302.2,166.21,NA,60.88,NA,54.06,71.1,32.74,43.43,32.43,45.29,NA,15.97,121.79,238,NA,182.94,NA,NA,NA,NA,68.49
Bowhouse,NA,NA,NA,NA,NA,NA,NA,NA,NA,NA,NA,NA,NA,NA,NA,NA,NA,NA,NA,NA,NA,NA,NA,NA,NA,NA,NA,NA,NA,NA,NA,NA,NA,NA,NA,23.39,7.56,6.67,0.59,0.33,2.63,3.09,0.665,0.475,0.545,0,NA,NA,0.11,0,NA,0.375,0.415,1,3.65,12.475,36.935,18.76,12.87,44.67,NA,NA,NA,NA,NA,98.52,261.44,234.46,177.74,32.555,77.91,105.82,NA,78.35,157.975,143.59,107.86,68.81,50.6,74.56,34.25,75.68,NA,NA,122.78,71.585,31.23,48.64,NA,96.96
Buckie,NA,NA,NA,NA,NA,NA,NA,NA,NA,NA,NA,NA,NA,NA,NA,NA,NA,NA,NA,NA,NA,NA,NA,NA,NA,NA,NA,NA,NA,NA,NA,NA,NA,NA,NA,NA,NA,NA,NA,NA,NA,NA,NA,NA,NA,NA,NA,NA,NA,NA,NA,NA,NA,NA,2.37,NA,15.29,20.565,59.7,47.3,25.195,24.475,NA,NA,NA,22.09,11.24,32.92,23.11,NA,NA,43.83,256.02,NA,188.455,71.835,39.25,NA,39.5,NA,23.28,17.31,NA,NA,30.11,NA,NA,NA,NA,90.95
Carbarns,0,NA,NA,0,NA,NA,NA,NA,NA,NA,0,0,0,5.4075,3.84333333333333,1.395,6.5525,20.6,19.3,64.4033333333333,28.505,58.46,76.5925,63.3233333333333,56.42,39.0566666666667,36.3566666666667,27.41,37.45,55.61,NA,NA,49.2,57.2,25.09,67.28,103.13,41.7,18.54,26.79,10.08,20.075,23.4,14.55,19.845,11.985,19.95,NA,4.67,2.78,3.27,2.86,2.385,5.22,10.725,9.885,19.515,68.59,64.9,135.75,100.035,101.33,142.445,84.725,39.085,154.495,252.46,1233.16,336.42,157.595,171.13,109.475,76.23,84.2,128.685,86.7666666666667,82.6866666666667,64.24,77.27,99.48,60.37,164.68,309.07,360.14,90.94,126.773333333333,94.1966666666667,76.3766666666667,100.93,131.88
Coldstream,NA,NA,NA,NA,NA,NA,NA,NA,NA,NA,NA,NA,NA,NA,NA,NA,NA,NA,NA,NA,NA,NA,NA,NA,NA,NA,NA,NA,NA,NA,NA,NA,NA,NA,NA,NA,NA,10.21,2.325,50.29,38.085,2.255,0.555,0.35,0,0,0,NA,0.2,0,0.435,0,0.325,0.44,0,1.69,1.45,97.14,51.09,35.32,50.265,51.89,91.605,116.96,NA,84,334.155,208.07,41.43,NA,42.215,19.72,NA,29.865,28.73,7.63,91.13,270.48,65.05,NA,15.13,453.04,NA,NA,NA,NA,11.56,NA,9.7,10.04
Cumnock,NA,NA,NA,NA,NA,NA,NA,NA,NA,NA,NA,NA,NA,NA,NA,NA,NA,NA,NA,NA,NA,NA,NA,NA,NA,NA,NA,NA,NA,NA,NA,NA,NA,NA,NA,NA,NA,NA,119.42,53.98,19.91,7.22,11.56,17.84,25.31,2.7,1,NA,0.46,1.22,0.6,0,0.62,12.44,11.91,9.9,10.69,69.87,272.39,25.2,16.28,67.65,NA,NA,NA,NA,119.66,61.94,230.02,NA,96.36,NA,NA,53.13,142.05,573.18,NA,142.59,NA,28.52,115.31,23.83,NA,NA,210.82,NA,NA,35.58,73.32,NA
Cumnock - Netherwood,NA,NA,NA,NA,NA,NA,NA,NA,NA,NA,NA,NA,NA,NA,NA,NA,NA,NA,NA,NA,NA,NA,NA,NA,NA,NA,NA,NA,NA,NA,NA,NA,NA,NA,NA,NA,NA,NA,NA,NA,NA,NA,4.578,9.62,0,0,NA,NA,NA,NA,NA,NA,NA,NA,NA,NA,NA,NA,NA,NA,NA,NA,NA,NA,NA,NA,NA,NA,NA,NA,NA,NA,NA,NA,NA,NA,NA,NA,NA,NA,NA,NA,NA,NA,NA,NA,NA,NA,NA,NA
Cupar,NA,NA,NA,NA,NA,NA,NA,NA,NA,NA,NA,NA,NA,NA,NA,NA,NA,NA,NA,NA,NA,NA,NA,NA,NA,NA,NA,NA,NA,NA,NA,NA,NA,NA,NA,1.38,12.015,0.72,0.325,7.985,4.49,4.28,15.03,0.505,0.645,0.44,1.61,NA,0,0,1.515,0.07,0,2.505,0.235,7.2,33.145,64.46,NA,20.84,4.21,18.5,NA,58.96,129.18,NA,64.145,150.35,73.15,16.91,50.545,69.5,NA,40.665,60.92,39.485,52.195,81.59,68.79,93.26,20.7,59.77,NA,176.23,152.85,NA,56.84,26.31,NA,117.675
Dalbeattie,NA,NA,NA,NA,NA,NA,NA,NA,NA,NA,NA,NA,0,0,NA,NA,0,2.6,23.39,6.29,14.77,2.86,0.7,NA,5.2,NA,0,1,0,0,NA,NA,0.44,2.13,NA,NA,NA,3.88,NA,3.53,31.25,0.67,4.2,36.74,0.87,0,0,NA,0,NA,0,0,0,0,0,6.04,NA,1.28,6.19,7.93,38.41,NA,25.91,22.79,469.97,452.39,173.29,NA,41.8,21.54,139.68,83.08,123.143333333333,191.46,120.93,NA,134.21,47.7,120.34,64.68,NA,102.77,395.85,NA,NA,NA,288.41,NA,72.65,131.91
Daldowie,NA,NA,NA,NA,NA,NA,NA,NA,NA,NA,NA,NA,NA,NA,NA,NA,NA,NA,NA,NA,NA,NA,NA,NA,NA,NA,NA,NA,NA,NA,NA,NA,355.85,1034.92,89.45,NA,68.79,36.55,103.92,16.22,32.26,19.28,13.9,14.1,10.04,5.94,17.74,NA,2.95,6.06,2.17,6.59,9.82,6.16,5.81,20.83,25.02,22.8,131.72,NA,117.7,70.44,88.34,42.23,59.71,110.01,76.85,NA,188.45,83.75,151.49,41.99,58.6566666666667,58.19,40.56,24.6175,13.91,NA,NA,NA,NA,NA,NA,NA,139.52,92.45,35.705,43.17,63.5075,225.81
Dalmarnock,NA,NA,NA,NA,NA,NA,NA,NA,NA,NA,NA,NA,NA,NA,NA,NA,NA,NA,NA,NA,NA,NA,NA,NA,NA,NA,NA,NA,NA,NA,NA,NA,NA,NA,NA,10.38,NA,NA,56.4,34.69,39.04,11.87,25.6,12.59,NA,4.17,10.76,NA,6.52,3.74,17.95,NA,NA,NA,26.8,19.805,33.455,84.305,106.1,179.01,84.79,120.76,NA,32.65,150.12,126.43,388.455,349.725,131.32,126.94,110.045,91.585,60.2,38.845,83.4,NA,NA,NA,NA,NA,NA,NA,NA,NA,NA,80.27,17.05,NA,11.95,6.81
Dalmuir,0.32,NA,0,NA,NA,0,NA,NA,NA,NA,NA,NA,0.93,6.43,4.98,8.67,1.46,11.49,22.96,63.08,17.67,36.12,2.73,13.95,27.15,32.48,21.96,30.19,23.89,13.52,NA,59.03,43.62,95.2733333333333,34.56,49.03,35.355,34.15,25.7466666666667,22.52,9.615,16.245,18.1466666666667,11.72,10.06,10.61,12.0833333333333,NA,3.415,3.03,22.93,6.65,12.75,22.31,21.765,13.84,42.09,NA,104.045,140.36,47.54,36.375,37.92,40.075,118.54,106.78,242.585,592.6,88.45,118.24,95.65,93.97,77.42,47.225,62.22,40.215,84.57,113.095,115.19,96.0933333333333,100.983333333333,135.1325,270.49,152.285,113.57,92.7025,66.7125,60.15,38.0833333333333,51.38
Dalmuir - Auchinairn (6298),NA,NA,NA,NA,NA,NA,NA,NA,NA,NA,NA,NA,NA,NA,NA,NA,NA,NA,NA,NA,NA,NA,NA,NA,NA,NA,NA,NA,NA,NA,NA,NA,NA,NA,NA,NA,NA,NA,NA,NA,NA,NA,NA,NA,NA,0.71,1.375,0.29,0.175,0.135,0.52,NA,NA,12.08,17.975,0.545,11.585,112.895,60.96,111.2,8.665,19.95,30.035,4.685,171.705,155.985,242.295,45.1,66.25,46.73,NA,NA,NA,148.36,157.955,97.11,86.045,70.36,10.89,NA,66.59,97.62,NA,NA,288.56,329.41,NA,NA,NA,NA
Dalmuir - Auchinairn (6330),NA,NA,NA,NA,NA,NA,NA,NA,NA,NA,NA,NA,NA,NA,NA,NA,NA,NA,NA,NA,NA,NA,NA,NA,NA,NA,NA,NA,NA,NA,NA,NA,NA,NA,NA,NA,NA,NA,NA,NA,NA,NA,NA,NA,NA,3.0875,4.88,3.27,0.57,1.51,1.07,NA,NA,5.9,20.17,31.315,22.13,48.865,60.91,89.57,43.865,37.525,8.015,11.175,279.995,190.26,150.15,116.43,436.92,NA,NA,136.98,NA,NA,135.84,17.39,84.85,29.305,39.08,NA,5.82,88.155,NA,NA,54.48,NA,NA,NA,NA,NA
Dalmuir - Clydebank,NA,NA,NA,NA,NA,NA,NA,NA,NA,NA,NA,NA,NA,NA,NA,NA,NA,NA,NA,NA,NA,NA,NA,NA,NA,NA,NA,NA,NA,NA,NA,NA,NA,NA,NA,NA,NA,NA,NA,NA,NA,NA,NA,NA,NA,2.045,7.825,NA,1.345,0.09,0,NA,NA,42.38,3.465,3.05,45.065,144.425,51.7,32.34,38.5,NA,NA,11.11,NA,NA,NA,NA,NA,NA,NA,NA,NA,NA,NA,NA,NA,NA,NA,NA,NA,NA,NA,NA,NA,NA,NA,NA,NA,NA
Dalmuir - Minerva St,NA,NA,NA,NA,NA,NA,NA,NA,NA,NA,NA,NA,NA,NA,NA,NA,NA,NA,NA,NA,NA,NA,NA,NA,NA,NA,NA,NA,NA,NA,NA,NA,NA,NA,NA,NA,NA,NA,NA,NA,NA,NA,NA,NA,NA,NA,NA,NA,NA,NA,NA,NA,NA,NA,NA,NA,NA,NA,NA,NA,NA,NA,NA,NA,NA,NA,NA,NA,NA,NA,NA,NA,NA,NA,NA,NA,NA,NA,NA,NA,NA,NA,NA,NA,NA,NA,NA,NA,NA,NA
Dalmuir - SECC,NA,NA,NA,NA,NA,NA,NA,NA,NA,NA,NA,NA,NA,NA,NA,NA,NA,NA,NA,NA,NA,NA,NA,NA,NA,NA,NA,NA,NA,NA,NA,NA,NA,NA,NA,NA,NA,NA,NA,NA,NA,NA,NA,NA,NA,NA,NA,NA,NA,NA,NA,NA,NA,NA,NA,NA,NA,NA,NA,NA,NA,NA,NA,NA,NA,NA,NA,NA,NA,NA,NA,NA,NA,NA,NA,NA,NA,NA,NA,NA,NA,NA,NA,NA,NA,NA,NA,NA,NA,NA
Dalscone,NA,NA,NA,NA,NA,NA,NA,NA,NA,NA,NA,0,0,0,NA,0.46,0.22,0.39,5.07,4.81,2.59,NA,1.81,NA,NA,2.74,3.41,1.55,0,2.97,NA,NA,NA,44.86,NA,NA,NA,NA,NA,NA,0.69,1.51,1.74,4.93,NA,NA,NA,NA,0,NA,NA,NA,NA,NA,NA,NA,NA,NA,NA,NA,NA,NA,NA,NA,NA,NA,NA,NA,NA,NA,NA,NA,NA,NA,NA,NA,NA,NA,NA,NA,NA,NA,NA,NA,NA,NA,NA,NA,NA,NA
Denny,NA,NA,NA,NA,NA,NA,NA,NA,NA,NA,NA,NA,NA,NA,NA,NA,NA,NA,NA,NA,NA,NA,NA,NA,NA,NA,NA,NA,NA,NA,NA,NA,NA,NA,NA,NA,NA,NA,23.65,13.555,13.35,10.16,47.88,41.065,67.395,121.515,17.44,NA,7.945,3.065,3.7,18.035,4.36,1.335,0.95,21.115,12.07,31.77,78.18,51.53,45.51,33.81,NA,NA,NA,36.61,3.26,1.565,14.96,87.06,48.71,148.895,94.29,40.78,24.79,34.355,25.28,139.305,114.785,66.89,139.77,106.675,NA,NA,112.51,NA,21.69,NA,9.8,17.09
Dunbar,NA,NA,NA,NA,NA,NA,NA,NA,NA,NA,NA,NA,NA,NA,NA,NA,NA,NA,NA,NA,NA,NA,NA,NA,NA,NA,NA,NA,NA,NA,NA,NA,NA,NA,NA,NA,NA,NA,0.8,7.07,17.99,12.57,3.48,0.86,0.48,1.1,0,NA,0,0,0,0,3.23,NA,16.45,4.39,22.15,62.24,158.76,268.06,52.02,17.6,NA,NA,NA,74.62,165.61,NA,68.26,NA,28.43,33.3,14.27,9.3,NA,41.39,113.78,NA,123.25,NA,140.13,73.3,NA,NA,NA,161.18,44.04,28.56,NA,30.08
Dunblane,NA,NA,NA,NA,NA,NA,NA,NA,NA,NA,NA,NA,NA,NA,NA,NA,NA,NA,NA,NA,NA,NA,NA,NA,NA,NA,NA,NA,NA,NA,NA,NA,NA,NA,NA,NA,NA,NA,NA,NA,NA,NA,NA,NA,0.31,2.075,0.765,NA,3.02,2.11,1.03,0.96,41.99,4.58,16.445,10448.3,58.055,139.92,125.08,40.54,27.84,51.97,24.11,NA,89.89,44.77,88.895,96.91,127.4,97.085,145.32,157.98,NA,159.305,193.455,51.59,42.12,173.495,205.28,NA,24.5,110.665,NA,NA,213.055,53.92,NA,NA,18.03,68.43
Dunfermline,0,0,0,NA,NA,NA,NA,NA,NA,0,0.81,25.37,1.19,0.535,0.1275,0.325,1.46,3.12,3.05,9.21,12.89,5.04,5.38,16.08,22.51,5.87,NA,25.1,19.62,32.83,NA,NA,41.99,28.46,23.9,3.18,19.19,8.67,18.86,13.505,13.09,9.345,6.115,5.57,3.59,5.67,NA,NA,5.21,1.405,6.82,1.93,4.81,1.48,5.32,7.85,34.96,89.32,126.67,147.02,72.135,76.995,48.785,23.445,61.18,117.145,139.73,591.24,166.31,64.18,81.145,47.025,62.1366666666667,66.71,108.955,78.84,75.89,161.463333333333,48.025,NA,111.52,115.516666666667,152.38,128.79,85.63,87.6066666666667,59.52,55.67,68.44,160.59
Dunnswood,NA,NA,NA,NA,NA,NA,NA,NA,NA,NA,NA,NA,NA,NA,NA,NA,NA,NA,NA,NA,NA,NA,NA,NA,NA,NA,NA,NA,NA,NA,NA,NA,67.96,61.95,36.48,NA,71.67,NA,NA,2.97,19.71,14.89,14.7,3.45,1.61,4.47,8.3,NA,NA,NA,NA,0.56,2.18,3.48,9.21,NA,7.74,84.11,211.35,NA,61.9,81.24,NA,11.42,NA,NA,341.96,719.15,120.27,59.9,NA,NA,NA,38.21,141.92,54.35,68.6,77.87,36.77,NA,NA,11.96,NA,NA,NA,41.78,NA,NA,NA,115.3
Dunnswood - Carrickstone,NA,NA,NA,NA,NA,NA,NA,NA,NA,NA,NA,NA,NA,NA,NA,NA,NA,NA,NA,NA,NA,NA,NA,NA,NA,NA,NA,NA,NA,NA,NA,NA,NA,NA,NA,NA,NA,NA,NA,NA,NA,NA,NA,NA,1.288,8.76,0.865,NA,NA,1.375,NA,NA,NA,NA,NA,NA,NA,NA,NA,NA,NA,NA,NA,NA,NA,NA,NA,NA,NA,NA,NA,NA,NA,NA,NA,NA,NA,NA,NA,NA,NA,NA,NA,NA,NA,NA,NA,NA,NA,NA
Dunoon,NA,NA,NA,NA,NA,NA,NA,NA,NA,NA,NA,NA,NA,NA,NA,NA,NA,NA,NA,NA,NA,NA,NA,NA,NA,NA,NA,NA,NA,NA,NA,NA,NA,NA,NA,NA,NA,NA,NA,NA,NA,NA,NA,NA,NA,NA,NA,NA,NA,NA,NA,NA,NA,NA,NA,NA,NA,NA,NA,NA,NA,NA,NA,NA,NA,NA,NA,NA,NA,NA,NA,NA,NA,NA,NA,NA,NA,NA,NA,35.1,43.96,122.125,NA,NA,29.56,NA,28.605,18.08,57.275,13.91
Duns,NA,NA,NA,NA,NA,NA,NA,NA,NA,NA,NA,NA,NA,NA,NA,NA,NA,NA,NA,NA,NA,NA,NA,NA,NA,NA,NA,NA,NA,NA,NA,NA,NA,NA,NA,NA,NA,0.49,2.085,2.155,0.725,0.715,0,0,0.18,0,0,NA,0,1.39,0.19,0,0,0.335,0.24,4.7,0.21,19.74,9.585,13.52,15.535,2.9,NA,NA,62.81,8.95,23.51,12.155,42.32,19.52,6.48,29.6,NA,13.48,85.755,73.885,94.07,25.205,34.84,NA,161.49,50.93,NA,NA,NA,17.43,27.06,3.36,18.27,37.46
East Calder,NA,NA,NA,NA,NA,NA,NA,NA,NA,NA,NA,NA,NA,NA,NA,NA,NA,NA,NA,NA,NA,NA,NA,NA,NA,NA,NA,NA,NA,102.32,22.84,NA,37.64,17.22,16.38,70.55,19.37,46.44,37.42,31.175,18.86,27.16,53,20.59,27.3,18.83,8.36,NA,0.605,1.59,1.53,0.965,8.26,4.615,4.75,4.435,15.72,18.485,76.385,42.39,34.79,52.41,22.25,18.2,89.675,NA,102.845,154.015,140.23,66.42,173.555,261.26,116.885,92.045,87.39,136.19,56.7833333333333,42.5966666666667,27.23,122.54,96.12,202.245,118.18,273.72,111.965,91.7166666666667,47.5433333333333,53.21,86.3033333333333,91.56
Ellon,NA,NA,NA,NA,NA,NA,NA,NA,NA,NA,NA,NA,NA,NA,NA,NA,NA,NA,NA,NA,NA,NA,NA,NA,NA,NA,NA,NA,NA,NA,NA,NA,NA,NA,NA,NA,NA,NA,NA,NA,NA,NA,NA,NA,NA,NA,4.1,NA,0.71,0.21,0.45,0,2.14,0.075,0,0.27,4.175,5.135,11.2,18.91,10.05,32.705,23.91,NA,32.22,NA,122.95,216.93,NA,53.895,25.23,121.33,NA,44.09,NA,70.65,176.935,72.26,151.12,NA,82.09,32.32,NA,NA,NA,33.84,28.99,NA,NA,NA
Erskine,NA,NA,NA,NA,NA,NA,NA,NA,NA,NA,NA,NA,NA,NA,NA,NA,NA,NA,NA,NA,NA,NA,NA,NA,NA,NA,NA,NA,NA,NA,NA,NA,NA,NA,NA,NA,NA,NA,NA,NA,NA,NA,NA,NA,NA,NA,NA,NA,NA,NA,NA,NA,NA,NA,NA,NA,NA,NA,NA,NA,NA,NA,NA,NA,NA,NA,NA,NA,NA,NA,NA,NA,NA,NA,NA,25.07,46.9733333333333,56.81,46.5166666666667,81.015,75.5933333333333,123.21,236.25,162.32,108.293333333333,59.0333333333333,23.08,27.1966666666667,46.97,21.155
Eyemouth,NA,NA,NA,NA,NA,NA,NA,NA,NA,NA,NA,NA,NA,NA,NA,NA,NA,NA,NA,NA,NA,NA,NA,NA,NA,NA,NA,NA,NA,NA,NA,NA,NA,NA,NA,NA,NA,NA,NA,NA,NA,NA,NA,0.935,1.785,0.12,0.115,NA,0.225,3.275,7.485,0.505,0,0,0,NA,NA,NA,NA,NA,NA,NA,36.21,3.6,NA,NA,98.9,7.495,28.515,NA,NA,81.61,NA,22.65,131.21,45.14,55.915,109.02,14.42,NA,31.985,33.26,NA,NA,102.13,37.85,NA,NA,NA,45.135
Fairlie,NA,NA,NA,NA,NA,NA,NA,NA,NA,NA,NA,NA,NA,NA,NA,NA,NA,NA,NA,NA,NA,NA,NA,NA,NA,NA,NA,NA,NA,NA,NA,NA,NA,NA,NA,NA,NA,NA,2.7,2.135,0.89,0.845,2.235,0,0.445,0,0,NA,0.23,4.07,0,0,0.225,0.3,1.365,0.255,1.665,3.22,2.195,5.53,9.79,0.525,4.72,0,4.055,17.275,15.815,30.44,108.56,NA,9.15,0.02,NA,11.955,9.68,46.275,23.805,9.12,245.835,NA,NA,61.955,NA,NA,NA,NA,NA,NA,11.29,NA
Falkirk,NA,0,0,NA,NA,NA,NA,NA,NA,NA,NA,NA,0,0,2.3,1.86,NA,3.32,NA,34.48,26.51,20.81,4.56,NA,NA,15.7,NA,47.93,3.64,25.92,NA,NA,31.62,96.03,21.64,30.07,69.85,243.34,85.67,46.05,4.92,30.035,13.93,24.26,23.35,8.21,7.295,NA,2.425,0.835,6.245,12.825,5.33,4.54,15.125,13.87,19.14,114.48,119.37,75.61,41.635,33.39,15.2,51.63,41.71,85.45,247.93,244.53,153.1,71.44,132.08,82.63,95.6033333333333,51.67,146.365,48.17,50.8233333333333,82.815,73.18,277.43,101.663333333333,197.07,231.15,NA,118.53,141.75,75.3933333333333,42.1733333333333,46.9866666666667,79.71
Fauldhouse,NA,NA,NA,NA,NA,NA,NA,NA,NA,NA,NA,NA,NA,NA,NA,NA,NA,NA,NA,NA,NA,NA,NA,NA,NA,NA,NA,NA,NA,33.27,2.2,2.57,30.39,35.28,18.08,2.64,18.205,NA,4.47,18.49,23.68,10.14,16.815,2.26,2.08,NA,0.245,NA,1.485,5.05,1.155,0,0.83,14.38,9.13,36.925,76.53,112.345,315.46,NA,113.13,50.28,7.71,NA,94.23,389.78,548.1,330.17,243.79,143.46,61.17,NA,NA,61.865,273.66,38.37,53.35,80.405,174.48,NA,42.87,108.29,NA,NA,63.29,NA,46.44,NA,84.47,124.42
Forfar,NA,NA,NA,NA,NA,NA,NA,NA,NA,NA,NA,NA,NA,NA,NA,NA,NA,NA,NA,NA,NA,NA,NA,NA,NA,NA,NA,NA,NA,NA,NA,NA,NA,NA,NA,NA,NA,NA,NA,NA,NA,NA,5.77,7.145,16.68,2.03,6.965,NA,0.555,0.53,0.82,1.725,2.41,2.57,31.98,26.48,13.53,17.995,54.53,113.105,56.355,15.81,19.035,5.4,17.48,54.475,70.425,187.97,148.79,40.87,NA,30.43,NA,152.64,123.745,30.61,62.55,129.74,169.87,53.02,48.46,43.56,59.56,NA,177.5,104.4,NA,52.58,81.01,NA
Forfar - Central,NA,NA,NA,NA,NA,NA,NA,NA,NA,NA,NA,NA,NA,NA,NA,NA,NA,NA,NA,NA,NA,NA,NA,NA,NA,NA,NA,NA,NA,NA,NA,NA,NA,NA,NA,NA,NA,NA,NA,NA,NA,NA,NA,NA,NA,NA,NA,1.91333333333333,0,0.14,0.576666666666667,NA,NA,NA,NA,NA,NA,NA,NA,NA,NA,NA,NA,NA,NA,NA,NA,NA,NA,NA,NA,NA,NA,NA,NA,NA,NA,NA,NA,NA,NA,NA,NA,NA,NA,NA,NA,NA,NA,NA
Forres,NA,NA,NA,NA,NA,NA,NA,NA,NA,NA,NA,NA,NA,NA,NA,NA,NA,NA,NA,NA,NA,NA,NA,NA,NA,NA,NA,NA,NA,NA,NA,NA,NA,NA,NA,NA,NA,NA,NA,NA,NA,NA,NA,NA,NA,NA,0.68,NA,0,0,0.39,1.2,11.21,4.895,2.57,18.535,1.68,107.26,52.875,NA,NA,NA,33.3566666666667,13.85,10.03,36.17,17.19,NA,9.35,NA,46.06,27.98,100.915,151.545,NA,NA,NA,167.905,141.94,96.79,24.5,166.255,NA,NA,NA,127.62,62.58,NA,NA,55.49
Fort William,NA,NA,NA,NA,NA,NA,NA,NA,NA,NA,0.51,0,0,0.43,0.61,0,NA,31.44,109.71,NA,9.14,NA,179.35,1.41,NA,0,NA,1.93,1.22,NA,NA,NA,0.2,416.18,1.13,0,0.61,2.7,0,NA,8.075,0.765,1.29,1.065,0,0,0,0,0.16,0.075,0.23,0,9.17,22.83,20.63,6.68,21.74,19.33,NA,67.04,46.45,50.71,60.83,63.115,NA,139.6,92.98,535.77,63.925,39.48,71.095,27.295,73.25,21.44,72.465,47.84,47.48,52.595,6.725,13.14,36.42,NA,44.56,NA,33.67,123.19,28.15,28.06,NA,NA
Fraserburgh,NA,NA,NA,NA,NA,NA,NA,NA,NA,NA,NA,NA,NA,NA,NA,NA,NA,NA,NA,NA,NA,NA,NA,NA,NA,NA,NA,NA,NA,NA,NA,NA,NA,NA,NA,38.975,19.6866666666667,9.13,24.17,20.585,22.1466666666667,40.1833333333333,9.61666666666667,4.34333333333333,4.15666666666667,0.506666666666667,0.715,7.25,1.46,0,0.09,0,0.11,0.07,0.07,1.5,5.855,34.09,70.08,81.87,54.77,73.46,NA,NA,26.89,35.51,212.79,103.055,56.87,57.05,48.28,26.71,84.065,105.6,301.035,237.47,74.495,33.65,42.12,60.25,29.54,19.28,NA,338.3,NA,NA,95.48,14.88,39.975,95.5
Galashiels,NA,0,NA,NA,NA,0,NA,NA,NA,NA,NA,NA,0,0,0,0,0,0.28,NA,5.18,2.69,1.81,1.61,24.67,13.69,1.36,13.63,0.64,0,2.78,NA,NA,4.84,21.57,2.01,50.01,2.42,NA,1,0,0.62,0.59,0.64,1.8,0.39,NA,0.56,NA,0.14,0,0,0.14,1.06,0,1.36,4.85,33.03,1.94,18.7,NA,14.22,11.4,11.38,30.92,145.64,249.25,107.77,52.34,16.69,39.43,19.56,16.98,22.65,51.92,160.13,38.415,24.165,105.21,253.03,NA,10.695,36,20.56,157.03,41.87,25.075,24.535,NA,39.825,117.92
Girvan,NA,NA,NA,NA,NA,NA,NA,NA,NA,NA,NA,NA,NA,NA,NA,NA,NA,NA,NA,NA,NA,NA,NA,NA,NA,NA,NA,NA,NA,NA,NA,NA,NA,NA,NA,NA,NA,NA,6.25,2.47,0,2.71,0.53,0,1.48,4.74,3.45,NA,2.53,0,NA,0,0,1.75,3.16,6.23,2,32.05,NA,NA,84.86,73.42,NA,NA,0,NA,NA,646.78,260.76,48.2,106.91,NA,NA,4.69,72.71,44.13,37.14,102.62,51.14,NA,172.51,83.16,69.28,234.62,75.29,NA,NA,NA,40.78,43.02
Grantown on Spey,NA,NA,NA,NA,NA,NA,NA,NA,NA,NA,NA,NA,NA,NA,NA,NA,NA,NA,NA,NA,NA,NA,NA,NA,NA,NA,NA,NA,NA,NA,NA,NA,NA,NA,NA,NA,NA,NA,NA,NA,NA,NA,NA,NA,NA,NA,NA,NA,NA,NA,0,0,0,0,NA,NA,NA,NA,NA,NA,NA,NA,NA,NA,NA,NA,NA,NA,NA,NA,NA,NA,NA,NA,NA,NA,NA,NA,NA,NA,NA,NA,NA,NA,NA,NA,NA,NA,NA,NA
Guardbridge,NA,NA,NA,NA,NA,NA,NA,NA,NA,NA,NA,NA,NA,NA,NA,NA,NA,NA,NA,NA,NA,NA,NA,NA,NA,NA,NA,NA,NA,NA,NA,NA,NA,NA,NA,1.22,0,0,1.03,0.55,10.665,0.855,0,0.655,6.36,0.9,0,NA,0,0.105,0,0,0,1.055,1.315,3.51,1.99,7.17,NA,NA,NA,16.17,48.47,NA,NA,60.12,144.96,184.2,77.15,238.545,14.88,86.72,NA,26.17,89.655,93.795,47.235,286.57,69.43,NA,21.47,87.28,NA,NA,22.76,67.51,55.99,NA,49.965,27.59
Haddington,NA,NA,NA,NA,NA,NA,NA,NA,NA,NA,NA,NA,NA,NA,NA,NA,NA,NA,NA,NA,NA,NA,NA,NA,NA,NA,NA,NA,NA,NA,NA,NA,NA,NA,NA,NA,NA,NA,NA,NA,NA,NA,NA,NA,NA,NA,NA,NA,NA,NA,NA,NA,NA,NA,NA,NA,NA,NA,NA,NA,NA,NA,NA,NA,NA,NA,NA,NA,NA,NA,NA,NA,NA,NA,NA,74.9,26.815,98.415,372.98,87.97,51.235,NA,NA,NA,58.005,41.78,NA,NA,NA,136.835
Hamilton,NA,NA,NA,NA,NA,NA,NA,NA,NA,NA,NA,NA,0.4,0.46,1.63,NA,3.91,5.49,15.62,NA,91.56,38.45,NA,137.38,31.2033333333333,27.2033333333333,23.665,17.7033333333333,40.06,18.1,NA,30.68,18.79,51.89,18.17,17.78,33.63,12.54,23.36,14.74,5.15,11.7,7.735,13.67,12.72,6.62,6.36,NA,14.41,7.17,8.625,4.82,6.055,9.23,6.535,13.175,11.5,65.565,59.07,79.3,74.62,89.04,55.42,57.58,103.375,167.55,349.445,831.335,237.13,125.135,148.755,46.88,68.565,60.005,97.305,65.2433333333333,48.3633333333333,66.125,120.33,48.72,52.71,132.45,197.34,293.38,120.54,61.68,34.97,49.7333333333333,72.6766666666667,66.33
Harthill,NA,NA,NA,NA,NA,NA,NA,NA,NA,NA,NA,NA,NA,NA,NA,NA,NA,NA,NA,NA,NA,NA,NA,NA,NA,NA,NA,NA,NA,NA,NA,NA,11.32,23.05,0.51,NA,3.49,60.53,33.3,1.9,14.47,10.1,1.54,7.31,NA,NA,0.73,NA,0.92,0.33,0.52,0.16,2.79,0,0,58.37,7.8,73.47,87.6,132.12,64.01,634.09,NA,NA,NA,NA,NA,NA,NA,NA,22.45,177.73,NA,159.6,247.4,82.23,NA,261.08,NA,NA,212.63,674.86,153.11,NA,56.04,NA,NA,NA,NA,NA
Hatton,0.58,0.6,NA,NA,NA,NA,NA,NA,NA,NA,NA,NA,4.97,6.05,1.04,0.57,1.03,5.45,11.21,5.08,NA,16.2,29.44,40.97,15.25,7.33,NA,16.18,12.47,NA,NA,28.64,39.88,43.6633333333333,31.9866666666667,36.17,43.29,11.5633333333333,5.88666666666667,5.49666666666667,8.61666666666667,6.28666666666667,7.95,8.06,9.36,10.02,5.915,2.43,NA,3.59333333333333,3.89666666666667,5.33333333333333,9.015,16.4133333333333,32.7933333333333,18.3566666666667,73.94,87.365,226.176666666667,75.975,42.5766666666667,33.8,19.4433333333333,26.4666666666667,55.975,95.62,217.18,148.32,126.18,83.9566666666667,105.783333333333,104.16,88.8433333333333,59.4533333333333,84.6733333333333,33.52,56.0075,75.3933333333333,78.2,58.6933333333333,56.5375,95.7375,131.95,197.83,114.675,122.76,57.9625,70.6733333333333,106.4875,120.42
Hatton - Fintry East,NA,NA,NA,NA,NA,NA,NA,NA,NA,NA,NA,NA,NA,NA,NA,NA,NA,NA,NA,NA,NA,NA,NA,NA,NA,NA,NA,NA,NA,NA,NA,NA,NA,NA,NA,NA,NA,NA,NA,NA,NA,NA,NA,NA,NA,NA,NA,0.51,0,2.14,0.67,0,1.125,1.825,6.555,206.29,141.485,11988.53,795.775,60.325,19.13,13.5,13.61,6.505,71.16,8.53,NA,803.06,692.57,NA,NA,NA,NA,208.595,466.67,20.2,49.03,27.68,NA,NA,42.45,32.39,NA,NA,321.74,NA,NA,21.14,NA,NA
Hatton - Fintry North,NA,NA,NA,NA,NA,NA,NA,NA,NA,NA,NA,NA,NA,NA,NA,NA,NA,NA,NA,NA,NA,NA,NA,NA,NA,NA,NA,NA,NA,NA,NA,NA,NA,NA,NA,NA,NA,NA,NA,NA,NA,NA,NA,NA,NA,NA,NA,7.765,0.89,0,0,0,25.65,12.51,17.86,53.475,181.86,231.35,235.87,178.155,37.385,233.72,97.46,57.08,13.095,164.995,160.41,792.79,NA,NA,NA,16.43,NA,118.7,40.935,49.28,20.55,75.82,21.71,NA,43.31,23.875,NA,NA,106.88,27.42,NA,NA,75,NA
Hatton - Fintry West,NA,NA,NA,NA,NA,NA,NA,NA,NA,NA,NA,NA,NA,NA,NA,NA,NA,NA,NA,NA,NA,NA,NA,NA,NA,NA,NA,NA,NA,NA,NA,NA,NA,NA,NA,NA,NA,NA,NA,NA,NA,NA,NA,NA,NA,NA,NA,4.1375,0,3.94,0.855,0,1.195,12.325,338.84,9.975,63.155,221.13,127.47,497.815,49.4,26.06,74.37,5.985,0.81,61.92,116.4,NA,NA,NA,NA,135.53,NA,104.715,64.835,4.855,16.02,80.26,NA,NA,15.635,769.88,NA,NA,NA,75.44,NA,29.78,NA,NA
Hawick,NA,NA,0,NA,NA,0,NA,NA,NA,NA,NA,NA,0,4.12,2.19,1.81,0,4.07,3.7,3.88,0.37,3.44,2.33,0.55,3.99,4.3,19.33,3.98,19.89,10.11,NA,24.09,82.89,106.47,25.92,27.79,3.52,0.23,3.15,0,0.18,0.58,0.2,0.41,0.78,0.36,0,NA,NA,0,2.34,0.95,0.16,NA,NA,0.83,33.71,13.05,1089.3,NA,20.54,33.59,14.13,8.65,35.48,51.76,38.49,11.82,17.71,11.59,46.89,15.49,41.29,0,110.63,55.41,151.97,86.44,24.05,54.67,41.49,NA,196.95,NA,85.65,47.43,26.84,31.78,9.52,68.46
Helensburgh,NA,NA,0,NA,NA,NA,NA,NA,NA,NA,NA,NA,0,0,0,NA,NA,4.28,0,3.12,67.93,58.09,10.02,142.74,4.77,16.3,16.27,22.84,NA,NA,NA,11.68,53.08,24.63,70.67,49.31,22.54,340.31,142.35,93.07,73.94,22.79,40.49,47.79,44.94,82.43,44.62,NA,1.98,5.45,3.27,1.13,5,12.08,5.69,0,11.74,5.43,14.08,0,67.88,36.98,25.2,15.41,5.78,6.56,0,1639.82,122.05,347.84,349.74,235.41,NA,69.98,82.88,110.935,156.485,140.09,67.17,NA,177.09,80.97,286.6,174.46,221.49,NA,82.42,NA,110.355,241.81
Huntly,NA,NA,NA,NA,NA,NA,NA,NA,NA,NA,NA,NA,NA,NA,NA,NA,NA,NA,NA,NA,NA,NA,NA,NA,NA,NA,NA,NA,NA,NA,NA,NA,NA,NA,NA,NA,NA,NA,NA,NA,NA,NA,NA,NA,NA,NA,NA,NA,NA,NA,NA,NA,NA,0.26,0,0.605,8.23,11.77,2.645,6.92,18.85,10.47,66.465,9.685,7.98,181.33,156.45,21.225,NA,NA,206.7,142.505,NA,137.11,178.275,46.535,35.725,72.61,144.585,8.35,15.345,163.22,NA,597.15,21.15,NA,NA,16.19,15.82,NA
Inverclyde,NA,NA,NA,NA,NA,NA,NA,NA,NA,NA,NA,NA,NA,NA,NA,NA,NA,NA,NA,NA,NA,NA,NA,NA,NA,NA,NA,NA,NA,18.61,28.68,92.27,117.89,42.61,44.31,14.24,15.51,11.1,6.9,9.835,8.58,1.55,6.51,2.845,1.895,4.775,1.74,1.64,7.85,0.825,10.645,3.80333333333333,3.46,7.24666666666667,7.045,6.265,17.925,39.37,47.56,25.625,18.68,46.145,NA,21.66,41.235,54.325,79.775,194.91,79.925,35.485,95.98,23.62,35.99,46.825,41.58,45.51,19.13,59.5925,39.05,59.38,65.58,94.32,NA,229.35,113.62,67.44,23.2033333333333,21.9466666666667,28.51,35.535
Inverclyde - Gourock,NA,NA,NA,NA,NA,NA,NA,NA,NA,NA,NA,NA,NA,NA,NA,NA,NA,NA,NA,NA,NA,NA,NA,NA,NA,NA,NA,NA,NA,NA,NA,NA,NA,NA,NA,NA,NA,NA,NA,NA,NA,NA,NA,NA,NA,24.3725,83.36,201.35,25.085,7.34,190.53,NA,NA,85.61,325.115,53.64,96.515,194.105,79.1,40.58,14.68,51.405,90.74,28.72,67.71,129.105,83.05,84.94,79.55,NA,NA,106.48,NA,28.12,24.395,32.33,68.35,24.11,56.58,NA,33.45,24.73,NA,NA,137.34,83.07,NA,NA,NA,NA
Inverurie,NA,NA,NA,NA,NA,NA,NA,NA,NA,NA,NA,NA,NA,NA,NA,NA,NA,NA,NA,NA,NA,NA,NA,NA,NA,NA,NA,NA,NA,NA,NA,NA,NA,NA,NA,NA,NA,NA,NA,NA,NA,NA,NA,NA,NA,NA,3.94,NA,0.075,4.18,15.49,2.14,2.68,4.52,0.44,4.87,4.81,11.14,115.785,NA,43.88,36.35,NA,20.6,NA,NA,225.43,322.18,93.86,NA,NA,237.12,NA,232.145,227.055,87.995,45.96,120.14,157.745,76.06,18.98,76.62,NA,NA,101.52,82,23.27,NA,NA,NA
Ironmill Bay,NA,NA,NA,NA,NA,NA,NA,NA,NA,NA,NA,NA,NA,NA,NA,NA,NA,NA,NA,NA,NA,NA,NA,NA,NA,NA,NA,NA,NA,NA,NA,NA,NA,NA,NA,18.3,8.04,1.08,NA,4.74,12.44,12.605,8.145,5.255,52.025,1.42,2.27,NA,0.79,0.305,16.4,0.565,5.32,15.35,2.09,21.035,29.59,140.285,14.795,37.385,47.15,53.81,5.01,NA,NA,NA,41.65,87.515,34.41,NA,64.74,NA,NA,16.02,86.01,85.845,82.31,68.005,43.13,45.85,77.685,49.63,NA,NA,112.285,NA,NA,NA,59.65,48.02
Jedburgh,NA,NA,NA,NA,NA,NA,NA,NA,NA,NA,NA,NA,NA,NA,NA,NA,NA,NA,NA,NA,NA,NA,NA,NA,NA,NA,NA,NA,NA,NA,NA,NA,NA,NA,NA,NA,NA,NA,NA,NA,NA,NA,NA,NA,NA,NA,NA,NA,NA,NA,NA,NA,NA,NA,NA,NA,NA,NA,NA,NA,NA,NA,NA,NA,NA,NA,NA,NA,NA,NA,NA,NA,NA,NA,NA,195.865,56.38,15.72,7.255,NA,35.72,NA,NA,NA,18.06,72.195,7.1,13.35,14.445,NA
Kelso,NA,NA,NA,NA,NA,NA,NA,NA,NA,NA,NA,NA,NA,NA,NA,NA,NA,NA,NA,NA,NA,NA,NA,NA,NA,NA,NA,NA,NA,NA,NA,NA,NA,NA,NA,NA,NA,NA,NA,NA,NA,NA,NA,0.095,0,0,0.085,NA,0,0.39,1.845,1.44,0,0,0.77,0.08,6.455,23.17,23.51,NA,7.13,9.64,NA,NA,0,NA,24.43,52.86,25.03,18.08,3.41,5.93,NA,5.675,65.66,30.385,10.575,55.66,24.21,NA,34.575,152.95,NA,NA,49.77,75.495,51.195,42.78,30.935,60.435
Kincardine,NA,NA,NA,NA,NA,NA,NA,NA,NA,NA,NA,NA,NA,NA,NA,NA,NA,NA,NA,NA,NA,NA,NA,NA,NA,NA,NA,NA,NA,NA,NA,NA,NA,NA,NA,33.69,338.13,198.29,49.76,31.805,7.735,15.69,94.24,2.64,2.045,6.68,9.215,NA,0.25,0.51,0,0.525,5.235,10.34,NA,NA,NA,3.29,28.93,NA,NA,NA,NA,NA,NA,NA,NA,NA,NA,NA,NA,NA,NA,NA,NA,NA,NA,NA,NA,NA,NA,NA,NA,NA,NA,NA,NA,NA,NA,NA
Kinneil,NA,NA,NA,NA,NA,NA,NA,NA,NA,NA,NA,NA,NA,NA,NA,NA,NA,NA,NA,NA,NA,NA,NA,NA,NA,NA,NA,NA,NA,NA,NA,NA,NA,NA,NA,NA,NA,NA,NA,NA,NA,NA,NA,NA,NA,NA,NA,NA,NA,NA,NA,NA,NA,NA,NA,NA,NA,NA,NA,NA,NA,NA,NA,NA,NA,NA,NA,NA,NA,NA,NA,NA,NA,NA,NA,101.013333333333,105.943333333333,151.01,144.465,NA,91.6266666666667,225.636666666667,NA,NA,59.11,NA,123.8,76.42,110.055,41.025
Kirkcaldy,NA,NA,NA,NA,NA,NA,NA,NA,NA,NA,NA,NA,NA,NA,NA,NA,NA,NA,NA,NA,NA,NA,NA,NA,NA,NA,NA,NA,NA,NA,NA,NA,NA,NA,NA,51.83,9.81,7.37,15.725,28.675,11.6,4.535,26.3,15.045,23.63,11.455,6.26,NA,4.805,13.525,16.525,10.76,10.06,22.335,30.88,33.39,83.37,110.57,158.43,70.715,84.74,89.145,30.7,91.92,NA,NA,193.305,517.605,138.25,117.86,136.22,112.95,119.265,67.11,112.295,70.4166666666667,113.573333333333,156.406666666667,107.965,NA,98.035,131.793333333333,132.08,NA,164.585,117.39,117.87,63.3233333333333,63.84,99.525
Kirkwall,NA,NA,0,0,NA,NA,NA,NA,NA,NA,NA,3.16,30.66,1.98,0,0,0,0.27,0,NA,0,0,0.91,0,0,0,0,0,0.366666666666667,0,NA,NA,0.486666666666667,0.886666666666667,1.63,1.835,0,0,0.11,0.793333333333333,0.21,0,0,0,0.163333333333333,0,0.223333333333333,0,0,0,0.45,0,0.13,0,2.675,1.97,15.505,5.195,5.975,29.67,5.94,11.5,9.15,3.42,35.925,11.46,18.56,36.46,NA,16.88,12.74,16.79,10.69,19.75,23.27,18.71,41.445,138.43,32.705,18.5,7.765,3.81,NA,NA,87.99,16.08,12.15,NA,46.795,67.45
Lanark,NA,NA,NA,NA,NA,NA,NA,NA,NA,NA,NA,NA,NA,NA,NA,NA,NA,NA,NA,NA,NA,NA,NA,NA,NA,NA,NA,NA,NA,NA,NA,NA,50.41,65.27,15.46,NA,22.99,59.6,29,135.96,42.96,48.32,2.06,3.88,7.14,14.08,NA,NA,0.35,0,NA,0.75,1.78,22.65,3.51,24.02,28.51,15.63,6.61,24.1,12.69,62.99,NA,NA,80.94,NA,136.87,433.49,NA,NA,NA,13.09,NA,NA,NA,14,35.52,46.09,NA,NA,NA,NA,NA,109.75,36.26,188.97,69.04,NA,24.9,47.12
Langholm,NA,NA,NA,NA,NA,NA,NA,NA,NA,NA,NA,NA,NA,NA,NA,NA,NA,NA,NA,NA,NA,NA,NA,NA,NA,NA,NA,NA,NA,NA,NA,NA,NA,NA,NA,NA,NA,NA,NA,NA,NA,NA,NA,NA,NA,NA,NA,NA,0,0,NA,0,0,0,0,0,1.89,96.94,33.775,22.37,NA,62.775,18.61,12.775,NA,13.385,NA,940,279.85,270.48,NA,18.55,NA,46.425,146.11,69.78,12.88,5.53,31.665,NA,6.76,11.61,NA,NA,44.59,NA,113.17,20.01,47.26,101.35
Largs,NA,NA,NA,NA,NA,NA,NA,NA,NA,NA,NA,NA,NA,NA,NA,NA,NA,NA,NA,NA,NA,NA,NA,NA,NA,NA,NA,NA,NA,NA,NA,NA,NA,NA,NA,NA,NA,14.925,20.94,4.93,22.99,11.69,1.2,NA,1.35,20.7,15.6,NA,1.19,0.885,0.75,0,0,0.32,0,7.725,17.105,29.935,7.51,14.52,11.845,10.92,NA,NA,NA,NA,22.84,60.335,75.74,48.68,NA,14.485,NA,11.325,29.03,14.885,44.285,18.75,45.665,67.485,46.02,55.6,NA,NA,69.93,95.61,NA,NA,0,NA
Lerwick,NA,NA,0,NA,NA,NA,NA,NA,NA,NA,NA,NA,0,0,0,0,NA,0,0,0,1.78,NA,17.26,0,0,0.66,0,0,0,0,NA,NA,0.22,5.505,3.265,1.57,0,0,NA,0,0,0,0,0,0,0,0,0,0,NA,1.23,0,NA,0.65,0.3,0.975,NA,1.4,1.34,4.42,11.325,8.58,0.91,1.105,0,1.72,1.62,7.55,13.1,5.875,4.13,0,1.385,0.66,0,NA,1.05,11.01,52.51,NA,NA,5.575,NA,3.41,NA,NA,NA,NA,NA,25.36
Lesmahagow,NA,NA,NA,NA,NA,NA,NA,NA,NA,NA,NA,NA,NA,NA,NA,NA,NA,NA,NA,NA,NA,NA,NA,NA,NA,NA,NA,NA,NA,NA,NA,NA,NA,37.24,NA,NA,127.35,22.48,499.44,677.86,42.19,34.01,2.84,NA,1.395,0,NA,NA,3.49,0.29,0.83,0,1,0,0,4.52,0,3.05,58.32,134.71,29.88,33.09,NA,NA,9.28,NA,305.14,52.6,97.72,NA,NA,3.47,NA,NA,NA,83.98,36.66,104.9,NA,73.52,0,43.54,NA,125.25,97.13,NA,NA,NA,NA,23.32
Levenmouth,0,0,0,0,NA,0,NA,NA,NA,NA,0,0,0.21,0.705,0,0.326666666666667,0.645,2.562,5.77333333333333,2.77333333333333,21.86,27.405,32.7325,25.83,17.26,24.3466666666667,34.085,34.4875,15.3475,21.2366666666667,NA,72.91,27.0525,37.0033333333333,15.294,52.46,25.78,15.14,6.56,12.06,6.3,5.64,7.69,9.68,6.35,7.57,2.2,NA,2.05,3.745,2.02,3.875,1.715,4.59,3.15,4.345,12.02,58.645,51.09,41.915,57.15,NA,NA,NA,NA,NA,NA,NA,NA,NA,NA,NA,48.39,NA,NA,37.4075,51.815,79.76,59.01,30.09,78.9966666666667,111.983333333333,222.08,NA,107.085,99.2533333333333,41.175,19.3566666666667,32.555,93.305
Linlithgow,NA,NA,NA,NA,NA,NA,NA,NA,NA,NA,NA,NA,NA,NA,NA,NA,NA,NA,NA,NA,NA,NA,NA,NA,NA,NA,NA,NA,NA,15.84,6.47,NA,44.02,17.45,21.04,7.51,5.255,6.75,2.42,4.625,0.38,6.07,2.085,2.57,6.30333333333333,0.865,1.02,NA,0.24,0.13,0.8,13.48,0.37,0.55,12.35,2.87,11.395,24.075,51.31,102.68,31.49,32.1,NA,52.91,13.65,NA,84.95,207.71,230.805,178.83,147.65,63.8,NA,154.26,23.86,122.515,NA,73.97,135.475,211.6,168.085,105.065,455.86,NA,118.48,49.95,32.08,NA,56.375,130.7
Loch Ryan,NA,NA,NA,NA,NA,NA,NA,NA,NA,NA,NA,NA,NA,NA,NA,NA,NA,NA,NA,NA,NA,NA,NA,NA,NA,NA,NA,NA,NA,NA,NA,NA,NA,NA,NA,NA,NA,NA,NA,NA,NA,NA,NA,NA,NA,NA,NA,NA,0.69,NA,NA,NA,NA,0,0.5,0.92,2.575,NA,37.625,4.27,28.16,21.26,11.39,16.06,16.35,64.58,168.6,147.6,72.345,23.44,NA,29.71,NA,NA,16.99,16.76,NA,15.795,96.74,NA,8.78,21.82,NA,NA,NA,24.35,43.7,29.07,14.4,10.68
Lockerbie,NA,NA,NA,NA,NA,NA,NA,NA,NA,NA,NA,NA,0,0,0,4.48,0.0725,0.15,0.3075,0,2.6,1.43,3.79,7.08,122.35,1.905,34.605,0.215,1.09,4.14,NA,NA,9.895,7.37,4.4,30.14,1.935,1.955,0,0,0,1.54,0.485,0,0,0,0.09,NA,0,0,0,0,0,0,0.21,0.165,0,11.04,39.075,2.52,11.33,NA,20.76,25.95,67.865,84.42,62.295,152.67,95.035,31.525,58.055,2.06,44.7933333333333,27.375,111.64,7.43,43.225,83.31,25.205,NA,10.71,42.43,171.61,NA,NA,89.455,25.565,48.26,18.765,27.255
Lossiemouth,NA,NA,NA,NA,NA,NA,NA,NA,NA,NA,NA,NA,NA,NA,NA,NA,NA,NA,NA,NA,NA,NA,NA,NA,NA,NA,NA,NA,NA,NA,NA,NA,NA,NA,NA,NA,NA,3.345,1.42,5.06,1.70333333333333,1.53,0.395,2.18,3.42666666666667,3.42666666666667,3.46666666666667,3.00333333333333,3.25333333333333,10.31,4.44,2.02666666666667,1.24666666666667,0.586666666666667,0,0.8,1.195,2.45,18.9,20.895,21.61,27.21,14.4366666666667,12.4066666666667,24.64,22.46,87.0766666666667,34.75,54.5,27.46,NA,31.83,50.13,NA,NA,27.61,NA,NA,NA,NA,NA,NA,NA,NA,64.8666666666667,NA,9.28,NA,24.99,53.16
Mauldslie,NA,NA,NA,NA,NA,NA,NA,NA,NA,NA,NA,NA,NA,NA,NA,NA,NA,NA,NA,NA,NA,NA,NA,NA,NA,NA,NA,NA,NA,NA,NA,NA,26.17,239.13,75.53,10.71,77.95,10.25,55.56,10.91,16.96,8.6,5.95,10.76,9.42,9.5,NA,NA,4.1,2.43,6.64,10.34,5.8,1.09,4.82,48.96,31.67,9.97,42.1,NA,91.11,55.61,NA,NA,NA,199.32,447.1,NA,NA,NA,NA,68.95,NA,88.76,NA,75.37,122.72,59.37,NA,NA,NA,53.63,494.45,NA,28.4,NA,NA,NA,NA,NA
Maybole,NA,NA,NA,NA,NA,NA,NA,NA,NA,NA,NA,NA,NA,NA,NA,NA,NA,NA,NA,NA,NA,NA,NA,NA,NA,NA,NA,NA,NA,NA,NA,NA,NA,10.08,13.74,NA,1.8,30.83,0.7,0,0.32,0,21.17,0,1.14,0,0.25,NA,0,0,0.63,0.26,0,0,3.46,18.32,2.94,53.96,35.11,29.39,6.97,NA,NA,NA,NA,NA,249.49,233.36,354.14,78.18,NA,2.68,NA,NA,NA,NA,216.17,NA,181.57,NA,129.51,NA,245.69,NA,188.23,NA,NA,NA,142.25,314.91
Meadowhead,NA,NA,NA,NA,NA,NA,NA,NA,NA,NA,0,0,0,NA,1.55,0,0.55,3.805,21.5,26.09,20.76,36.81,5.94,18.99,51.3,NA,23.65,31.245,NA,35,NA,127.92,64.3166666666667,59.79,34.8033333333333,28.88,41.0366666666667,69.96,32.25,13.08,12.0966666666667,15.4566666666667,9.69,11.32,9.93333333333333,9.12666666666667,4.19,3.38,4.42,2.805,3.835,11.2466666666667,8.79666666666667,14.0266666666667,29.28,12.3666666666667,41.6666666666667,21.73,27.31,26.86,36.0166666666667,30.2,28.5233333333333,34.8466666666667,81.3866666666667,125.61,269.36,143.95,213.045,84.21,140.58,61.9825,60.8733333333333,39.1433333333333,72.95,47.1125,58.5775,48.9525,62.035,66.4066666666667,61.8825,77.2875,111.79,201,62.34,51.73,36.575,21.68,34.3475,34.59
Meadowhead - Kilmarnock HMP,NA,NA,NA,NA,NA,NA,NA,NA,NA,NA,NA,NA,NA,NA,NA,NA,NA,NA,NA,NA,NA,NA,NA,NA,NA,NA,NA,NA,NA,NA,NA,NA,NA,NA,NA,NA,NA,NA,NA,NA,NA,NA,NA,NA,NA,NA,NA,NA,NA,NA,2.66,4.096,1.485,1.73,0.995,2.61,0.28,83.88,20.73,42.89,28.405,16.88,NA,5.335,1.065,6.66,36.17,103.52,NA,NA,2445.44,NA,23.86,8.69,367.47,25.315,68.175,5.16,81.68,8.27,25.22,2.6,NA,NA,0,4.81,0.79,NA,0.68,NA
Montrose,NA,NA,NA,NA,NA,NA,NA,NA,NA,NA,NA,NA,NA,NA,NA,NA,NA,NA,NA,NA,NA,NA,NA,NA,NA,NA,NA,NA,NA,NA,NA,NA,NA,NA,NA,NA,NA,NA,NA,NA,NA,NA,NA,NA,NA,NA,NA,NA,NA,NA,NA,NA,NA,NA,NA,NA,NA,NA,NA,NA,NA,NA,NA,NA,NA,NA,NA,NA,NA,NA,NA,NA,NA,NA,NA,93.81,50.14,185.81,173.85,87.76,30.925,16.3,86,NA,34.315,38.54,26.23,17.65,21.89,NA
Muirkirk,NA,NA,NA,NA,NA,NA,NA,NA,NA,NA,NA,NA,NA,NA,NA,NA,NA,NA,NA,NA,NA,NA,NA,NA,NA,NA,NA,NA,NA,NA,NA,NA,NA,NA,NA,NA,NA,36.31,3.395,4.85,6.805,2.955,0,8.705,0,12.56,82.2,NA,0.265,0.6,NA,NA,NA,NA,NA,NA,NA,NA,NA,NA,NA,NA,NA,NA,NA,NA,NA,NA,NA,NA,NA,NA,NA,NA,NA,NA,NA,NA,NA,NA,NA,NA,NA,NA,NA,NA,NA,NA,NA,NA
Nairn,NA,0,NA,NA,NA,NA,NA,NA,NA,NA,NA,NA,0,0,0,0,0,0,9.42,4.19,NA,2.79,3.7,1.23,0.15,0,0.93,0,0,0,NA,NA,7.32,14.32,2.31,NA,0.84,52.54,2.62,1.27,0.2,NA,2.29,0.46,0.38,2.82,0,NA,0,0,0.36,0.19,NA,0,4.81,0.6,24.81,24.77,84.07,28.61,4.96,NA,23.625,7.8,NA,98.09,31.44,24.68,47.71,NA,7.98,10.07,95.32,21.75,47.31,NA,40.32,16.82,NA,57.32,NA,15.3,NA,NA,NA,14.01,NA,NA,NA,40.9
Neilston,NA,NA,NA,NA,NA,NA,NA,NA,NA,NA,NA,NA,NA,NA,NA,NA,NA,NA,NA,NA,NA,NA,NA,NA,NA,NA,NA,NA,NA,NA,NA,NA,NA,NA,NA,NA,NA,NA,2.41,2.62,2.47,27.455,2.38,1.355,0,0.475,0.985,NA,0.29,0.275,0,2.475,1.485,2.48,3.52,4.63,8.395,8.95,141.46,49.03,59.84,42.69,NA,NA,NA,NA,315.85,104.22,100.49,NA,86.67,12.01,NA,65.14,61.73,76.905,21.085,67.4,46.18,NA,NA,NA,NA,NA,168.465,54.09,6.37,11.76,24.55,NA
Newbridge,NA,NA,NA,NA,NA,NA,NA,NA,NA,NA,NA,NA,NA,NA,NA,NA,NA,NA,NA,NA,NA,NA,NA,NA,NA,NA,NA,NA,NA,NA,NA,NA,NA,NA,NA,NA,NA,NA,NA,NA,NA,NA,NA,NA,NA,NA,NA,NA,NA,NA,NA,NA,NA,NA,NA,NA,NA,NA,NA,NA,NA,NA,NA,NA,NA,NA,NA,NA,NA,NA,NA,NA,NA,NA,NA,63.1,64.1333333333333,42.205,90.73,41.15,68.88,128.48,NA,NA,71.04,89.66,NA,NA,61.79,31.4
Newburgh,NA,NA,NA,NA,NA,NA,NA,NA,NA,NA,NA,NA,NA,NA,NA,NA,NA,NA,NA,NA,NA,NA,NA,NA,NA,NA,NA,NA,NA,NA,NA,NA,NA,NA,NA,2.63,0.84,0,5.33,39.29,7.135,9.385,0.76,0.77,6.425,0.07,0,NA,0.13,0.13,0.14,0,0,2.025,0.24,1.26,21.87,30.69,21.15,59.42,NA,NA,NA,NA,12.47,52.22,118.705,84.805,101.68,39.55,220.83,80.97,NA,59.065,213.19,44.3,24.06,633.485,78.26,34.49,117.43,85.42,NA,NA,241.72,30.67,104.73,140.23,210.59,231.77
New Cumnock,NA,NA,NA,NA,NA,NA,NA,NA,NA,NA,NA,NA,NA,NA,NA,NA,NA,NA,NA,NA,NA,NA,NA,NA,NA,NA,NA,NA,NA,NA,NA,NA,106.73,12.15,33.26,NA,1539.12,17.86,18.99,78.51,19.43,4.54,9.9,4.58,0,0,NA,NA,NA,4.54,20.7,56.92,5.18,1.54,16.66,20.63,8.21,129.97,169.55,114.45,75.01,47.47,NA,NA,NA,NA,80.28,323.69,286.99,NA,NA,NA,NA,53.49,13.94,116.99,NA,82.12,NA,NA,112.29,33.66,NA,NA,564.99,NA,27.29,NA,33.42,NA
Newport & Tayport,NA,NA,NA,NA,NA,NA,NA,NA,NA,NA,NA,NA,NA,NA,NA,NA,NA,NA,NA,NA,NA,NA,NA,NA,NA,NA,NA,NA,NA,NA,NA,NA,NA,NA,NA,0.94,1.46,0.91,1.425,9.405,3.39,17.725,1.16,4.28,0.15,0,0,NA,0,0,0.125,1.16,0,7.64,18.34,15.56,46.755,51.095,102.38,27.32,13.03,18.1,15.91,NA,19.31,NA,285.78,1061.21,100.83,63.955,163.44,120.9,NA,25.3,168.245,54.69,5.815,35.4,98.35,245.05,7.25,125.77,NA,NA,93.81,NA,NA,NA,36.46,NA
Newtown St Boswell,NA,NA,NA,NA,NA,NA,NA,NA,NA,NA,NA,NA,NA,NA,NA,NA,NA,NA,NA,NA,NA,NA,NA,NA,NA,NA,NA,NA,NA,NA,NA,NA,NA,NA,NA,NA,NA,1.29,0,7.925,2.695,7.345,0,0,0,0,0,NA,0,0,0.135,2.17,1.115,6.215,0.585,1.415,0.215,3.545,27.825,22,229.45,55.985,2.44,0,9.79,46.5,30.44,16.48,36.915,NA,235.19,43.62,NA,94.825,47.87,62.38,NA,307.06,131.505,NA,17.74,4.14,NA,NA,109.04,89.21,4.92,NA,20.27,9.15
Nigg,0,0,0,NA,NA,0,NA,NA,NA,0,0.33,5.64,3.5575,1.125,0.566666666666667,0.1775,0.83,1.18,3.345,3.88,4.97,2.79,7.21,5.975,NA,6.47,13.15,6.93,14.41,17.46,NA,87.71,70.52,42.95,39.22,18.35,11.8333333333333,9.1,7.17,4.29333333333333,2.89,5.31333333333333,6.86333333333333,5.87666666666667,2.94666666666667,4.29333333333333,6.3,1.22,1.14,1.68,2.25,0.615,3.05,5.14,9.105,9.965,46.075,87.08,127.28,26.94,43.62,32.915,27.475,20.07,39.81,87.985,144.605,322.02,13.77,44.82,83.155,40.34,54.665,40.27,45.4,46.14,66.7175,112.51,110.85,75.7733333333333,43.2066666666667,82.895,143.82,312.07,145.335,107.185,49.3925,52.6775,93.4825,72.305
Nigg - Aberdeen RI,NA,NA,NA,NA,NA,NA,NA,NA,NA,NA,NA,NA,NA,NA,NA,NA,NA,NA,NA,NA,NA,NA,NA,NA,NA,NA,NA,NA,NA,NA,NA,NA,NA,NA,NA,NA,NA,NA,NA,NA,NA,NA,NA,NA,NA,NA,NA,NA,NA,NA,NA,NA,NA,NA,NA,NA,NA,NA,NA,NA,NA,NA,NA,NA,NA,NA,NA,NA,NA,NA,NA,NA,NA,NA,NA,NA,NA,NA,NA,NA,NA,NA,NA,NA,NA,NA,NA,NA,NA,NA
Nigg - Torry,NA,NA,NA,NA,NA,NA,NA,NA,NA,NA,NA,NA,NA,NA,NA,NA,NA,NA,NA,NA,NA,NA,NA,NA,NA,NA,NA,NA,NA,NA,NA,NA,NA,NA,NA,NA,NA,NA,NA,NA,NA,NA,16.6125,0.875,0.79,5.085,10.605,1.855,0,0.4,0,0,0,NA,NA,NA,NA,NA,NA,NA,NA,NA,NA,NA,NA,NA,NA,NA,NA,NA,NA,NA,NA,NA,NA,NA,NA,NA,NA,NA,NA,NA,NA,NA,NA,NA,NA,NA,NA,NA
Oban,NA,NA,NA,NA,NA,NA,NA,NA,NA,NA,NA,NA,NA,NA,NA,NA,NA,NA,NA,NA,NA,NA,NA,NA,NA,NA,NA,NA,NA,NA,NA,NA,NA,NA,NA,NA,NA,NA,NA,NA,NA,NA,NA,NA,NA,NA,NA,NA,NA,NA,NA,NA,NA,NA,NA,NA,NA,NA,NA,NA,NA,NA,NA,NA,NA,NA,NA,NA,NA,NA,NA,NA,NA,NA,NA,NA,NA,NA,NA,NA,32.97,NA,NA,NA,NA,48.14,13.735,NA,49.2,12.81
Paisley,NA,NA,NA,NA,NA,NA,NA,NA,NA,NA,NA,NA,NA,NA,NA,NA,NA,NA,NA,NA,NA,NA,NA,NA,NA,NA,NA,NA,NA,NA,NA,NA,NA,NA,NA,NA,NA,NA,42.925,26.29,22.625,80.59,19.045,19.63,5.455,2.1,5.28,NA,2.545,5.21,2.605,1.02,9.905,18.81,11.39,16.06,16.795,39.67,97.74,93.99,100.42,53.995,46.67,6.29,137.04,NA,409.795,247.51,142.525,95.92,60.64,46.87,69.055,33.345,42.69,29.4925,56.7975,106.683333333333,46.1133333333333,55.775,49.5975,134.1925,202.91,292.44,102.855,56.43,33.3025,49.08,51.6225,35.41
Paisley - Airport,NA,NA,NA,NA,NA,NA,NA,NA,NA,NA,NA,NA,NA,NA,NA,NA,NA,NA,NA,NA,NA,NA,NA,NA,NA,NA,NA,NA,NA,NA,NA,NA,NA,NA,NA,NA,NA,NA,NA,NA,NA,NA,NA,NA,NA,11.408,5.145,NA,0.54,0.2,0.57,25.955,NA,NA,NA,NA,NA,NA,NA,NA,NA,NA,NA,NA,NA,NA,NA,NA,NA,NA,NA,NA,NA,NA,NA,NA,NA,NA,NA,NA,NA,NA,NA,NA,NA,NA,NA,NA,NA,NA
Paisley - Blackhall,NA,NA,NA,NA,NA,NA,NA,NA,NA,NA,NA,NA,NA,NA,NA,NA,NA,NA,NA,NA,NA,NA,NA,NA,NA,NA,NA,NA,NA,NA,NA,NA,NA,NA,NA,NA,NA,NA,NA,NA,NA,NA,NA,NA,NA,12.54,5.7,NA,2.265,0.15,1.27,18.2,76.415,20.515,16.57,39.04,465.745,115.595,92.525,58.59,82.23,22.715,27.945,9.215,78.415,95.75,245.76,281.86,145.63,NA,NA,51.42,NA,25.18,9.065,60.685,113.61,52.435,143.44,NA,NA,80.215,NA,NA,54.04,47.33,NA,NA,NA,NA
Paisley - Brediland,NA,NA,NA,NA,NA,NA,NA,NA,NA,NA,NA,NA,NA,NA,NA,NA,NA,NA,NA,NA,NA,NA,NA,NA,NA,NA,NA,NA,NA,NA,NA,NA,NA,NA,NA,NA,NA,NA,NA,NA,NA,NA,NA,NA,NA,1.156,0.175,NA,0,0,0.385,298.875,6.665,0.515,10.83,0.21,41.695,17.125,4.965,7.34,4.15,5.05,36.01,2.67,0,12.65,13.01,4.32,25.44,0.78,NA,111.3,NA,0,1.59,0,26.635,22.665,19.135,NA,11.38,0.945,NA,NA,0,24.93,NA,NA,NA,NA
Peebles,NA,NA,NA,NA,NA,0,NA,NA,NA,NA,NA,0,0,0,0,0,1.87,4.05,1.68,0,1.86,54.79,2.1,0,2.68,4.48,6.77,3.95,6.52,4.85,NA,3.83,7.84,26.6,4.96,0,0,2.89,NA,2.43,0.36,0.29,0,0,0,NA,0,NA,3.25,0,0,0.54,0,0,0.65,NA,5.88,7.09,33.95,NA,10.88,49.67,76.87,15.06,34.54,28.14,66.22,47.35,NA,1.22,8.89,0.05,40.97,27.88,NA,36.44,23.67,94.6,NA,NA,26.47,NA,NA,NA,52.07,40.54,52.77,36.59,65.21,NA
Penicuik,NA,NA,NA,NA,NA,NA,NA,NA,NA,NA,NA,NA,NA,NA,NA,NA,NA,NA,NA,NA,NA,NA,NA,NA,NA,NA,NA,NA,NA,NA,NA,NA,NA,NA,NA,NA,NA,NA,158.06,1.3,8.43,2.36,31.84,7.75,2.89,0,8.58,NA,0.73,22.69,5.52,105.14,52.31,16.7,52.16,23.37,49.89,129.67,212.79,289.61,NA,49.94,NA,NA,NA,254.52,310.87,NA,210.64,NA,145.85,NA,131.24,50.2,179.21,53.47,66.23,111.98,84.14,NA,NA,134.69,NA,NA,152.59,93.07,NA,NA,42.23,NA
Persley,NA,NA,NA,NA,NA,NA,NA,NA,NA,NA,NA,NA,NA,NA,NA,NA,NA,NA,NA,NA,NA,NA,NA,NA,NA,NA,NA,NA,NA,NA,NA,NA,NA,NA,NA,NA,NA,NA,NA,NA,NA,NA,NA,NA,NA,NA,NA,NA,NA,NA,NA,NA,NA,NA,NA,NA,NA,NA,NA,NA,NA,NA,NA,NA,NA,NA,NA,NA,NA,NA,NA,NA,NA,NA,NA,212.145,134.26,115.1,164.285,93.18,58.93,62.84,NA,NA,NA,165.1,NA,NA,249.2,73.28
Persley - Northfield,NA,NA,NA,NA,NA,NA,NA,NA,NA,NA,NA,NA,NA,NA,NA,NA,NA,NA,NA,NA,NA,NA,NA,NA,NA,NA,NA,NA,NA,NA,NA,NA,NA,NA,NA,NA,NA,NA,NA,NA,NA,NA,15.1,1.31,0.035,4.105,3.22,117.68,1.81,0.64,0.225,0.38,0,NA,NA,NA,NA,NA,NA,NA,NA,NA,NA,NA,NA,NA,NA,NA,NA,NA,NA,NA,NA,NA,NA,NA,NA,NA,NA,NA,NA,NA,NA,NA,NA,NA,NA,NA,NA,NA
Perth,NA,NA,NA,NA,NA,NA,NA,NA,NA,NA,NA,NA,NA,NA,NA,NA,NA,NA,NA,NA,NA,NA,NA,NA,NA,NA,NA,NA,NA,NA,NA,NA,NA,NA,NA,NA,NA,NA,57.6,64.025,3.08,7.225,6.935,4.035,1.91,1.77,2.745,NA,3.61,2.055,2.685,0.515,6.51,13.105,15.94,24.055,21.365,31.31,22.045,68.25,26.72,94.19,NA,NA,77.01,NA,172.93,122.44,160.76,75.2,274.1,51.15,58.72,84.725,276.44,61.6233333333333,124.773333333333,105.65,73.445,90.16,58.3833333333333,61.205,19.95,93.73,187.06,52.23,25.5266666666667,26.2566666666667,80.015,557.505
Peterhead,NA,NA,NA,NA,NA,NA,NA,NA,NA,NA,NA,NA,NA,NA,NA,NA,NA,NA,NA,NA,NA,NA,NA,NA,NA,NA,NA,NA,NA,NA,NA,NA,NA,NA,NA,4.955,40.9433333333333,2.34,2.80666666666667,1.72333333333333,0.245,0.726666666666667,0.71,0.32,0.493333333333333,0.143333333333333,0.275,0,0.52,5.345,0.27,0.28,0.606666666666667,0.805,0.205,0.185,1.9,4.425,5.285,3.84,1.19,5.615,2.315,16.26,25.27,7.885,37.33,23.19,68.76,10.1,57.285,26.72,38.13,19.7,70.98,47.1,10.31,28.99,20.415,43.32,31.44,35.8,NA,203.49,NA,63.785,25.06,111.86,46.505,NA
Philipshill,0,0.26,NA,NA,NA,NA,NA,NA,NA,NA,NA,NA,0,0.28,4.83,0.84,6.69,4.09,9.92,53.15,20.69,47.36,72.63,34.28,13.35,117.75,14.44,66.6266666666667,13.085,34.82,NA,78.18,31.11,53.58,46.13,61.86,26.42,12.79,13.74,8.03,9.6,9.28,5.97,7.85,8.31,4.41,8.75,NA,7.76,4.14,6.4,0.69,8.35,18.85,12.39,9.21,15.77,70.36,49.58,54.24,44.58,175.36,40.43,78.46,59.28,302.01,298.63,192.27,104.99,227.4,70.46,77.97,64.515,45.73,49.18,36.4,64.4233333333333,48.725,60.02,69.21,53.1533333333333,150.43,NA,NA,49.275,87.4366666666667,53.6266666666667,56.9766666666667,63.985,93.76
Philipshill - Hairmyres Hospital,NA,NA,NA,NA,NA,NA,NA,NA,NA,NA,NA,NA,NA,NA,NA,NA,NA,NA,NA,NA,NA,NA,NA,NA,NA,NA,NA,NA,NA,NA,NA,NA,NA,NA,NA,NA,NA,NA,NA,NA,NA,NA,NA,NA,NA,NA,NA,NA,NA,NA,NA,NA,NA,NA,NA,NA,NA,NA,NA,NA,NA,NA,NA,NA,NA,NA,NA,NA,NA,NA,NA,NA,NA,NA,NA,NA,NA,NA,NA,NA,NA,NA,NA,NA,NA,NA,NA,NA,NA,NA
Philipshill - Stewartfield (3606),NA,NA,NA,NA,NA,NA,NA,NA,NA,NA,NA,NA,NA,NA,NA,NA,NA,NA,NA,NA,NA,NA,NA,NA,NA,NA,NA,NA,NA,NA,NA,NA,NA,NA,NA,NA,NA,NA,NA,NA,NA,NA,NA,NA,NA,0.068,NA,NA,0,NA,NA,NA,NA,NA,NA,NA,NA,NA,NA,NA,NA,NA,NA,NA,NA,NA,NA,NA,NA,NA,NA,NA,NA,NA,NA,NA,NA,NA,NA,NA,NA,NA,NA,NA,NA,NA,NA,NA,NA,NA
Philipshill - Stewartfield (7801),NA,NA,NA,NA,NA,NA,NA,NA,NA,NA,NA,NA,NA,NA,NA,NA,NA,NA,NA,NA,NA,NA,NA,NA,NA,NA,NA,NA,NA,NA,NA,NA,NA,NA,NA,NA,NA,NA,NA,NA,NA,NA,NA,NA,NA,0.156666666666667,NA,NA,2.785,NA,NA,NA,NA,NA,NA,NA,NA,NA,NA,NA,NA,NA,NA,NA,NA,NA,NA,NA,NA,NA,NA,NA,NA,NA,NA,NA,NA,NA,NA,NA,NA,NA,NA,NA,NA,NA,NA,NA,NA,NA
Sanquhar,NA,NA,NA,NA,NA,NA,NA,NA,NA,NA,NA,NA,NA,NA,NA,NA,NA,NA,NA,NA,NA,NA,NA,NA,NA,NA,NA,NA,NA,NA,NA,NA,NA,NA,NA,NA,NA,NA,NA,NA,NA,NA,NA,NA,NA,NA,NA,NA,0,11.575,9.29,10.125,0.995,1.605,144.255,122.83,69.935,33.32,141.23,7.735,58.425,22.495,NA,NA,NA,36.93,697.76,377.085,137.38,NA,NA,56.41,NA,9.055,6.77,8.535,NA,17.41,349.75,NA,NA,12.73,NA,NA,NA,NA,47.12,NA,18.94,NA
Seafield,NA,NA,NA,NA,NA,NA,NA,NA,NA,NA,NA,NA,0,1.28,1.525,4.88,NA,9.5,11.55,NA,24.03,11.78,20.97,19.65,14.93,5.87,NA,28.48,2.65,11.49,NA,NA,96.64,53.41,34.69,30.19,17.53,10.23,110.28,14.25,13.2666666666667,12.9266666666667,7.61666666666667,9.86,5.33333333333333,3.11,3.2,2.79,1.16,2.71333333333333,4.34333333333333,7.21666666666667,12.61,19.3533333333333,26.1833333333333,30.3733333333333,29.6,171.445,109.713333333333,55.99,44.72,32.33,45.4733333333333,36.1,75.1533333333333,98.9233333333333,113.17,162.173333333333,136.95,67.6766666666667,96.37,21.1633333333333,40.95,30.78,64.5,45.7625,37.7925,50.4025,85.7766666666667,75.71,67.585,141.415,205.88,214.36,131.03,71.55,70.4025,58.415,56.9975,130.643333333333
Seafield - Cockenzie,NA,NA,NA,NA,NA,NA,NA,NA,NA,NA,NA,NA,NA,NA,NA,NA,NA,NA,NA,NA,NA,NA,NA,NA,NA,NA,NA,NA,NA,NA,NA,NA,NA,NA,NA,NA,NA,NA,NA,NA,NA,NA,NA,NA,NA,NA,NA,NA,NA,NA,NA,NA,NA,0.238,4.935,6.295,107.105,469.79,27.705,215.87,48.985,9.455,25.33,51.14,52.91,NA,47.11,NA,NA,NA,31.78,NA,NA,23.49,NA,50.03,4.7,639.04,NA,NA,32.91,15.75,NA,NA,300.56,54.65,48.41,NA,NA,NA
Seafield - Craigmillar,NA,NA,NA,NA,NA,NA,NA,NA,NA,NA,NA,NA,NA,NA,NA,NA,NA,NA,NA,NA,NA,NA,NA,NA,NA,NA,NA,NA,NA,NA,NA,NA,NA,NA,NA,NA,NA,NA,NA,NA,NA,NA,NA,NA,NA,NA,NA,NA,NA,NA,NA,NA,NA,NA,NA,NA,NA,NA,NA,NA,NA,NA,NA,NA,NA,NA,NA,NA,NA,NA,NA,NA,NA,NA,NA,NA,NA,NA,NA,NA,NA,NA,NA,NA,NA,NA,NA,NA,NA,NA
Seafield - Muirhouse,NA,NA,NA,NA,NA,NA,NA,NA,NA,NA,NA,NA,NA,NA,NA,NA,NA,NA,NA,NA,NA,NA,NA,NA,NA,NA,NA,NA,NA,NA,NA,NA,NA,NA,NA,NA,NA,NA,NA,NA,NA,NA,NA,NA,NA,NA,NA,NA,NA,NA,NA,NA,NA,NA,NA,NA,NA,NA,NA,NA,NA,NA,NA,NA,NA,NA,NA,NA,NA,NA,NA,NA,NA,NA,NA,NA,NA,NA,NA,NA,NA,NA,NA,NA,NA,NA,NA,NA,NA,NA
Seafield - Restalrig,NA,NA,NA,NA,NA,NA,NA,NA,NA,NA,NA,NA,NA,NA,NA,NA,NA,NA,NA,NA,NA,NA,NA,NA,NA,NA,NA,NA,NA,NA,NA,NA,NA,NA,NA,NA,NA,NA,NA,NA,NA,NA,NA,NA,NA,NA,NA,NA,NA,NA,NA,NA,NA,NA,NA,NA,NA,NA,NA,NA,NA,NA,NA,NA,NA,NA,NA,NA,NA,NA,NA,NA,NA,NA,NA,NA,NA,NA,NA,NA,NA,NA,NA,NA,NA,NA,NA,NA,NA,NA
Seafield - Tranent,NA,NA,NA,NA,NA,NA,NA,NA,NA,NA,NA,NA,NA,NA,NA,NA,NA,NA,NA,NA,NA,NA,NA,NA,NA,NA,NA,NA,NA,NA,NA,NA,NA,NA,NA,NA,NA,NA,NA,NA,NA,NA,NA,NA,NA,NA,0,0.45,0,0,NA,NA,NA,NA,NA,NA,NA,NA,NA,NA,NA,NA,NA,NA,NA,NA,NA,NA,NA,NA,NA,NA,NA,NA,NA,NA,NA,NA,NA,NA,NA,NA,NA,NA,NA,NA,NA,NA,NA,NA
Seafield - Western General,NA,NA,NA,NA,NA,NA,NA,NA,NA,NA,NA,NA,NA,NA,NA,NA,NA,NA,NA,NA,NA,NA,NA,NA,NA,NA,NA,NA,NA,NA,NA,NA,NA,NA,NA,NA,NA,NA,NA,NA,NA,NA,NA,NA,NA,NA,NA,NA,NA,NA,NA,NA,NA,NA,NA,NA,NA,NA,NA,NA,NA,NA,NA,NA,NA,NA,NA,NA,NA,NA,NA,NA,NA,NA,NA,NA,NA,NA,NA,NA,NA,NA,NA,NA,NA,NA,NA,NA,NA,NA
Selkirk,NA,NA,NA,NA,NA,NA,NA,NA,NA,NA,NA,NA,NA,NA,NA,NA,NA,NA,NA,NA,NA,NA,NA,NA,NA,NA,NA,NA,NA,NA,NA,NA,NA,NA,NA,NA,NA,NA,NA,NA,NA,NA,NA,0,0.795,0.7,0,NA,0,0,2.21,0.31,0,0,NA,NA,NA,25.685,12.52,NA,10.73,0,NA,NA,NA,NA,39.135,67.9,8.96,NA,32.78,14.37,NA,66.57,154.855,4.9,70.075,37.89,36.34,NA,6.92,NA,NA,NA,40.52,NA,NA,NA,21.09,NA
Shieldhall,0.6,0.38,0.78,0.17,0.168,0,0,0.1175,0,NA,0,0.79,0.8475,1.49,5.5725,9.4725,6.695,13.7633333333333,21.17,10.7466666666667,25.0266666666667,55.4875,39.4675,17.8275,27.32,16.3625,21.4866666666667,45.356,33.026,16.71,24.53,63.71,57.8025,95.27,41.4466666666667,34.11,59.1125,21.7466666666667,28.6,18.7966666666667,24.1366666666667,26.3225,21.255,15.63,7.9025,9.365,7.92,NA,8.83,5.5,35.64,31.895,19.025,30.825,NA,15.455,35.21,66.495,68.125,84.43,50.4,44.27,22.09,52.53,150.44,163.75,238.295,230.205,125.54,142.51,81.5,45.59,66.0133333333333,60.24,41.925,43.19,50.2475,56.02,65.4966666666667,81.96,43.125,81.2,209.36,335.96,40.7733333333333,50.125,55.655,53.1233333333333,44.84,31.545
Shieldhall - Barrhead,NA,NA,NA,NA,NA,NA,NA,NA,NA,NA,NA,NA,NA,NA,NA,NA,NA,NA,NA,NA,NA,NA,NA,NA,NA,NA,NA,NA,NA,NA,NA,NA,NA,NA,NA,NA,NA,NA,NA,NA,NA,NA,NA,NA,6.4,0.84,1.945,NA,NA,8.55,5.595,1.7,10.17,4.825,10.405,0.88,27.985,73.12,11.13,81.46,84.04,30.77,15.5,207.01,41.05,135.55,156.615,125.3,179.62,27.74,59.15,NA,NA,NA,157.77,95.85,426.59,65.64,149.015,NA,174.7,173.795,NA,NA,105.82,90.705,NA,NA,NA,NA
Shieldhall - Gorbals,NA,NA,NA,NA,NA,NA,NA,NA,NA,NA,NA,NA,NA,NA,NA,NA,NA,NA,NA,NA,NA,NA,NA,NA,NA,NA,NA,NA,NA,NA,NA,NA,NA,NA,NA,NA,NA,NA,NA,NA,NA,NA,NA,NA,4.782,8.735,13.195,NA,NA,4.665,30.585,108.795,86.095,10.05,46.81,10.595,39.035,99.045,83.625,51.98,37.03,20.055,22.575,22.3,52.855,155.035,31.405,59.25,75.14,64.53,58.83,NA,NA,17.11,19.82,72.265,39.85,385.52,17.46,NA,18.53,72.455,NA,NA,60.15,141.02,NA,NA,NA,NA
Shieldhall - Govanhill,NA,NA,NA,NA,NA,NA,NA,NA,NA,NA,NA,NA,NA,NA,NA,NA,NA,NA,NA,NA,NA,NA,NA,NA,NA,NA,NA,NA,NA,NA,NA,NA,NA,NA,NA,NA,NA,NA,NA,NA,NA,NA,NA,NA,19.592,39.01,11.885,NA,NA,86.805,879.915,490.605,60.715,NA,NA,NA,NA,NA,NA,NA,NA,NA,NA,NA,NA,NA,NA,NA,NA,NA,NA,NA,NA,NA,NA,NA,NA,NA,NA,NA,NA,NA,NA,NA,NA,NA,NA,NA,NA,NA
Shieldhall - IMAX,NA,NA,NA,NA,NA,NA,NA,NA,NA,NA,NA,NA,NA,NA,NA,NA,NA,NA,NA,NA,NA,NA,NA,NA,NA,NA,NA,NA,NA,NA,NA,NA,NA,NA,NA,NA,NA,NA,NA,NA,NA,NA,NA,NA,NA,NA,NA,NA,NA,NA,NA,NA,NA,NA,NA,NA,NA,NA,NA,NA,NA,NA,NA,NA,NA,NA,NA,NA,NA,NA,NA,NA,NA,NA,NA,NA,NA,NA,NA,NA,NA,NA,NA,NA,NA,NA,NA,NA,NA,NA
Shieldhall - Pollockshields West,NA,NA,NA,NA,NA,NA,NA,NA,NA,NA,NA,NA,NA,NA,NA,NA,NA,NA,NA,NA,NA,NA,NA,NA,NA,NA,NA,NA,NA,NA,NA,NA,NA,NA,NA,NA,NA,NA,NA,NA,NA,NA,NA,NA,NA,NA,NA,NA,NA,NA,NA,NA,NA,NA,122.892,19.26,47.925,75.445,43.025,5.56,27.43,15.47,3.36,NA,22.325,379.875,489.415,193.99,112.71,43.4,21.31,20.78,NA,NA,8.01,115.935,74.665,76.745,59.055,NA,17.78,22.505,NA,NA,43.375,NA,16.93,77.29,21.99,39.13
Shieldhall - Science Centre,NA,NA,NA,NA,NA,NA,NA,NA,NA,NA,NA,NA,NA,NA,NA,NA,NA,NA,NA,NA,NA,NA,NA,NA,NA,NA,NA,NA,NA,NA,NA,NA,NA,NA,NA,NA,NA,NA,NA,NA,NA,NA,NA,NA,NA,NA,NA,NA,NA,NA,NA,NA,NA,NA,NA,NA,NA,NA,NA,NA,NA,NA,NA,NA,NA,NA,NA,NA,NA,NA,NA,NA,NA,NA,NA,NA,NA,NA,NA,NA,NA,NA,NA,NA,NA,NA,NA,NA,NA,NA
Shotts,NA,NA,NA,NA,NA,NA,NA,NA,NA,NA,NA,NA,NA,NA,NA,NA,NA,NA,NA,NA,NA,NA,NA,NA,NA,NA,NA,NA,NA,NA,NA,NA,31.04,91.56,9.88,NA,48.68,56.49,65.57,45.3,8.12,50.61,23.21,22.14,3.68,6.49,11.26,NA,7.84,15.81,32.7,3.31,1.53,0,17.81,6.57,9.61,58.04,136.12,NA,127.61,126.74,NA,NA,81.02,NA,59.7,NA,233.33,NA,NA,NA,NA,NA,79.53,37.01,NA,86.02,NA,101.53,66.52,194.26,NA,NA,NA,70.97,NA,NA,113.13,221.86
Skellyton,NA,NA,NA,NA,NA,NA,NA,NA,NA,NA,NA,NA,NA,NA,NA,NA,NA,NA,NA,NA,NA,NA,NA,NA,NA,NA,NA,NA,NA,NA,NA,NA,NA,219.76,NA,272.62,108.67,NA,23.59,4.9,207.25,6.94,4.19,NA,1.3,3.16,NA,NA,26.51,1.43,2.17,NA,16.98,11.29,16.71,19.32,65.5,104.18,NA,NA,463.74,174.5,NA,NA,NA,270.13,418.04,NA,176.81,NA,111.73,92.62,NA,232.1,NA,62.44,118.17,64.03,NA,NA,138.27,306.52,NA,NA,98.25,NA,NA,NA,NA,3.09
Springfield,NA,NA,NA,NA,NA,NA,NA,NA,NA,NA,NA,NA,NA,NA,NA,NA,NA,NA,NA,NA,NA,NA,NA,NA,NA,NA,NA,NA,NA,NA,NA,NA,NA,NA,NA,13.62,4.54,6.22,0.72,3.02,1.97,4.07,23.805,8.3,22.045,11.705,1.42,NA,0.28,2.18,0.195,0.305,0,0.75,2.005,7.895,11.33,3.52,NA,47.385,40.62,319.4,NA,NA,44.07,NA,301.725,727.48,150.59,35.63,121.21,31.48,NA,34.59,124.895,46.09,43.17,46.1,53.61,NA,52.14,555.97,NA,NA,103.5,47.23,38.16,19.73,44.08,337.615
St Andrews,NA,NA,NA,NA,NA,NA,NA,NA,NA,NA,NA,NA,NA,NA,NA,NA,NA,NA,NA,NA,NA,NA,NA,NA,NA,NA,NA,NA,NA,NA,NA,NA,NA,NA,NA,13.85,1.59,0,0,32.145,2.785,1.425,14.09,15.465,26.48,17.755,1.94,NA,2.55,0.87,1.955,10.745,2.945,14.155,11.385,10.165,31.755,NA,57.92,75.375,39.88,41.21,28.45,NA,NA,NA,75.09,215.255,65.43,104.47,95.69,69.45,63.89,93.15,211.875,39.305,55.55,236.48,280.56,NA,29.86,63.805,NA,60.86,73.08,NA,NA,NA,48.58,NA
St Andrews - University (2979),NA,NA,NA,NA,NA,NA,NA,NA,NA,NA,NA,NA,NA,NA,NA,NA,NA,NA,NA,NA,NA,NA,NA,NA,NA,NA,NA,NA,NA,NA,NA,NA,NA,NA,NA,NA,NA,NA,NA,NA,NA,NA,NA,NA,NA,NA,NA,NA,NA,NA,NA,NA,NA,NA,NA,NA,NA,NA,NA,NA,NA,4.0425,0,1.12,344.08,27.805,5.45,11.205,0,3.68,12.3,200.95,2.64,NA,0.305,6.92,4.71,0.92,3.63,NA,0.03,15.92,NA,NA,NA,5.88,NA,NA,NA,NA
St Andrews - University (4964),NA,NA,NA,NA,NA,NA,NA,NA,NA,NA,NA,NA,NA,NA,NA,NA,NA,NA,NA,NA,NA,NA,NA,NA,NA,NA,NA,NA,NA,NA,NA,NA,NA,NA,NA,NA,NA,NA,NA,NA,NA,NA,NA,NA,NA,NA,NA,NA,NA,NA,NA,NA,NA,NA,NA,NA,NA,NA,NA,NA,NA,0.322,0,NA,2.4,3.9,11.39,9.345,58.27,19.435,25.945,24.335,10.095,NA,15.335,10.135,7.26,57.44,45.09,NA,4.71,38.895,NA,NA,NA,NA,NA,NA,NA,NA
Stevenston,NA,NA,NA,NA,NA,NA,NA,NA,NA,NA,NA,NA,NA,NA,NA,NA,NA,NA,NA,NA,NA,NA,NA,NA,NA,NA,NA,NA,NA,NA,NA,NA,NA,NA,NA,NA,NA,9.74,46.34,22.675,9,3.8,5.105,8.245,6.64,4.41,0.86,1.76,1.295,2.3,3.24,10.095,3.32,7.695,8.235,9.705,18.93,23.84,23.765,30.48,11.265,13.825,18.5,31.2,93.48,75.195,49.8,69.81,43.315,26.19,11.125,39.34,18.35,14.755,34.87,25.59,17.59,25.915,81.66,43.22,60.9533333333333,53.085,96.77,NA,104.34,46.7333333333333,25.6533333333333,31.4,31.435,5.49
Stevenston - Stevenston East,NA,NA,NA,NA,NA,NA,NA,NA,NA,NA,NA,NA,NA,NA,NA,NA,NA,NA,NA,NA,NA,NA,NA,NA,NA,NA,NA,NA,NA,NA,NA,NA,NA,NA,NA,NA,NA,NA,NA,NA,NA,NA,NA,NA,NA,NA,NA,1.66,0,0.435,0.55,0.93,240.555,7.925,5.95,2.775,112.59,126.41,184.35,28.22,4.65,21.14,1.65,1.26,77.99,100.51,47.78,6.07,NA,NA,18.93,NA,NA,NA,36.75,37.235,54.26,3.175,29.57,9.68,38.635,134.86,NA,NA,477.53,18.69,NA,NA,NA,NA
Stevenston - Stevenston West,NA,NA,NA,NA,NA,NA,NA,NA,NA,NA,NA,NA,NA,NA,NA,NA,NA,NA,NA,NA,NA,NA,NA,NA,NA,NA,NA,NA,NA,NA,NA,NA,NA,NA,NA,NA,NA,NA,NA,NA,NA,NA,NA,NA,NA,NA,NA,2.17,1.91,21.6,7.5,85.995,3.7,0.665,0.935,1.34,3.67,23.91,17.77,1.42,6.43,230.93,1.79,118.315,64.68,422.45,NA,165.78,NA,23.96,42.07,NA,NA,131.76,42.45,10.735,21.555,20.685,49.55,NA,12.53,124.295,NA,NA,47.46,336.31,NA,NA,31.59,NA
Stirling,NA,NA,NA,NA,NA,0,NA,NA,NA,NA,0,0,0,0.36,0,0,0,2.82,12.14,0,NA,3.67,59.74,0.39,3.25,NA,12.49,6.94,2,1.71,NA,NA,14.93,27.67,6.38,3.64,60.81,9.54,6.32,NA,6.68,25.21,3.18,14.16,5.08,13.21,3.21,NA,1.1,1.93,5.19,0.74,1.32,5.22,1.49,4.95,1.13,20.75,57.33,NA,22.13,26.49,29.55,15.69,NA,76.5,13.46,74.74,56.63,21.83,15.8,26.84,29.62,9.87,21.39,12.2133333333333,39.2466666666667,58.0333333333333,47.155,44.98,32.1333333333333,137.24,180.31,207.14,20.0133333333333,70.1966666666667,46.0566666666667,27.235,21.1333333333333,40.045
Stirling - University,NA,NA,NA,NA,NA,NA,NA,NA,NA,NA,NA,NA,NA,NA,NA,NA,NA,NA,NA,NA,NA,NA,NA,NA,NA,NA,NA,NA,NA,NA,NA,NA,NA,NA,NA,NA,NA,NA,NA,NA,NA,NA,NA,NA,NA,NA,0.225,NA,1.05,0,NA,NA,NA,NA,NA,NA,NA,NA,NA,NA,NA,NA,NA,NA,4.675,6.93,18.01,277.9,NA,82.76,NA,5.79,2.05,5,13.645,259.555,37.21,NA,12.6,NA,0.13,0.11,NA,NA,349.075,49.305,NA,13.84,NA,NA
Stonehouse,NA,NA,NA,NA,NA,NA,NA,NA,NA,NA,NA,NA,NA,NA,NA,NA,NA,NA,NA,NA,NA,NA,NA,NA,NA,NA,NA,NA,NA,NA,NA,NA,20.74,8.08,23.39,NA,7.73,3.32,13,8.11,2.25,0.63,9.53,0.93,2.75,1.64,NA,NA,28.67,0.93,0.38,8.78,0,8.95,24.35,5.19,18.67,7.14,56.53,NA,14.07,24.35,NA,NA,NA,NA,254.68,252.74,116.31,NA,NA,60.52,NA,21.19,NA,66,74.51,22.61,NA,NA,95.61,98.58,NA,304.3,59.3,NA,NA,NA,NA,3.62
Stornoway,NA,NA,NA,NA,NA,NA,NA,NA,NA,NA,NA,NA,0,0,0,0,NA,0,NA,0,NA,NA,NA,0,0,0,NA,NA,0,NA,NA,NA,0.96,NA,0,1.96,26.42,NA,22.41,NA,1.13,NA,NA,0,0,NA,0,NA,0,0,0,0,0,0,0,1.51,2.36,0,7.55,NA,33.16,18.12,10.16,NA,NA,95.59,14.53,10.79,0,22.39,110.8,NA,NA,15.17,NA,NA,NA,NA,NA,5.5,NA,NA,NA,NA,NA,NA,NA,NA,NA,16.75
Strathaven,NA,NA,NA,NA,NA,NA,NA,NA,NA,NA,NA,NA,NA,NA,NA,NA,NA,NA,NA,NA,NA,NA,NA,NA,NA,NA,NA,NA,NA,NA,NA,NA,27.14,56.63,29.96,9.2,8.17,2.6,2.4,125.71,46.4,5.01,5.89,13.01,9.68,9.56,NA,NA,16.26,15.7,5.48,1.04,2.18,0,NA,NA,NA,NA,14.89,NA,59.81,26.72,16.86,NA,NA,NA,325.09,NA,NA,22.56,123.28,66.65,NA,NA,NA,43.4,98.42,31.97,NA,14.77,NA,22.01,NA,NA,102.66,NA,NA,NA,43.36,147.46
Swinstie,NA,NA,NA,NA,NA,NA,NA,NA,NA,NA,NA,NA,NA,NA,NA,NA,NA,NA,NA,NA,NA,NA,NA,NA,NA,NA,NA,NA,NA,NA,NA,NA,162.91,61.22,NA,8.31,44.08,NA,17.72,3.41,6.28,16.39,21.96,81.58,54.66,12.77,12.1,NA,4.94,NA,1.88,NA,NA,0.51,14.8,2.69,NA,16.3,143.32,NA,96.24,91.62,NA,NA,NA,NA,683.84,NA,187.67,NA,NA,26.97,NA,20.41,NA,23.43,72.59,36.83,NA,NA,NA,27.06,NA,NA,NA,NA,NA,34.09,NA,NA
Thurso,NA,NA,NA,NA,NA,NA,NA,NA,NA,NA,NA,NA,NA,NA,NA,NA,NA,NA,NA,NA,NA,NA,NA,NA,NA,NA,NA,NA,NA,NA,NA,NA,NA,NA,NA,NA,NA,NA,NA,NA,NA,NA,NA,NA,NA,NA,NA,NA,NA,NA,NA,NA,NA,NA,NA,NA,NA,NA,NA,NA,NA,NA,NA,NA,NA,NA,NA,NA,NA,NA,NA,NA,NA,NA,NA,NA,NA,30.725,57.025,151.82,16.815,10.01,NA,NA,20.8,NA,NA,NA,44.5,11.65
Tillicoultry,NA,NA,NA,NA,NA,NA,NA,NA,NA,NA,NA,NA,NA,NA,NA,NA,NA,NA,NA,NA,NA,NA,NA,NA,NA,NA,NA,NA,NA,NA,NA,NA,NA,NA,NA,NA,NA,NA,97.6,12.585,10.695,1.99,3.22,3.06,17.89,4.09,0.685,NA,0.205,0.82,1.47,0.93,1.97,2.86,54.19,5.36,38.85,6.39,25.36,203.58,192.19,94.545,NA,NA,NA,NA,218.245,642.44,112.305,15.36,94.12,69.59,NA,119.3,1113.635,312.585,362.25,269.41,110.015,NA,74.91,40.055,NA,NA,24.51,NA,NA,NA,175.045,NA
Troqueer,NA,0,0,NA,NA,NA,0,NA,NA,NA,NA,NA,0,0,0,0.65,0,5.38,9.4,4.89,9.57,NA,0.845,36.99,3.5,11.02,23.59,1.79,5.22,2.52,NA,NA,46.34,116.82,29.1,14.56,NA,22.01,NA,3.45,3.285,3.53,2.845,1.415,2.03,0,0,NA,0,0,0.115,0.07,0,0.69,0.865,13.68,9.61,25.53,25.225,13.45,16.66,NA,11.035,25.605,131.1,60.38,80.525,142.84,122.025,28.16,107.96,80.65,45.05,84.415,82.83,171.05,79.27,68.315,85.905,58.52,39.435,179.65,NA,NA,98.78,114.895,37.605,60.44,65.77,63.07
Turriff,NA,NA,NA,NA,NA,NA,NA,NA,NA,NA,NA,NA,NA,NA,NA,NA,NA,NA,NA,NA,NA,NA,NA,NA,NA,NA,NA,NA,NA,NA,NA,NA,NA,NA,NA,NA,NA,NA,NA,NA,NA,NA,NA,NA,NA,NA,0,NA,0,0,0,1.14,3.14,0.89,0,0.95,2.94,12.75,19.46,7.57,0,1.67,NA,NA,24.63,15.31,579.255,361.34,NA,NA,32.46,109.05,NA,0,194.415,69.315,108.935,46.43,62.17,NA,4.83,NA,NA,NA,14.79,19.83,NA,NA,NA,NA
Uplawmoor,NA,NA,NA,NA,NA,NA,NA,NA,NA,NA,NA,NA,NA,NA,NA,NA,NA,NA,NA,NA,NA,NA,NA,NA,NA,NA,NA,NA,NA,NA,NA,NA,NA,NA,NA,NA,NA,NA,0,1.565,0.095,1.29,0,0,0,0.19,NA,NA,NA,NA,NA,NA,NA,NA,NA,NA,NA,NA,NA,NA,NA,NA,NA,NA,NA,NA,NA,NA,NA,NA,NA,NA,NA,NA,NA,NA,NA,NA,NA,NA,NA,NA,NA,NA,NA,NA,NA,NA,NA,NA
Whitburn,NA,NA,NA,NA,NA,NA,NA,NA,NA,NA,NA,NA,NA,NA,NA,NA,NA,NA,NA,NA,NA,NA,NA,NA,NA,NA,NA,NA,NA,43.06,4.45,4.49,37.81,61.56,140.24,108.47,26.83,345.66,63.82,38.54,35.825,30.905,3.29,2.855,3.895,4.065,0.195,NA,0.77,2.55,2.235,1.33,0.29,5.675,7.935,17.845,60.08,41.725,53.43,307.75,106.28,41.44,NA,NA,NA,NA,203.34,458.3,183.62,16.2,40.39,52.5,100.275,48.71,107.02,71.48,64.94,54.5,61.805,43.12,60.6866666666667,87.57,73.5,293.39,46.19,NA,15.22,NA,67.97,50.045
Wick,NA,NA,NA,NA,NA,NA,NA,NA,NA,NA,NA,NA,NA,NA,NA,NA,NA,NA,NA,NA,NA,NA,NA,NA,NA,NA,NA,NA,NA,NA,NA,NA,NA,NA,NA,NA,NA,NA,NA,NA,NA,NA,NA,NA,NA,NA,NA,NA,NA,NA,NA,NA,NA,NA,NA,NA,NA,NA,NA,NA,NA,NA,NA,NA,NA,NA,NA,NA,NA,NA,NA,NA,NA,NA,NA,NA,NA,104.405,43.2,7.04,18.27,55.145,NA,NA,NA,NA,NA,NA,86.25,25.81
Winchburgh,NA,NA,NA,NA,NA,NA,NA,NA,NA,NA,NA,NA,NA,NA,NA,NA,NA,NA,NA,NA,NA,NA,NA,NA,NA,NA,NA,NA,NA,15.44,NA,NA,10.98,9.03,0.68,1.56,5.065,6.38,16.51,21.985,3.24,20.9,17.625,9.785,0.435,0.18,0,NA,0,5.705,0.11,0.15,16.57,2.495,8.39,5.53,34.88,40.28,65.395,157.73,148.2,53.58,NA,NA,NA,106.74,1.37,1.04,209.275,189.91,118.47,NA,54.87,34.36,206.205,87.705,71.665,77.155,16.45,4.99,90.71,182.65,327.05,NA,177.86,92.24,172.31,NA,169.16,NA
